session_id,capture_group,captured_at,frame_index,neck_ratio,forward_lean_z,shoulder_tilt_ratio,head_tilt_ratio,hand_to_face_ratio,pose_x,pose_y,wrist_elevated,shoulder_width_ratio,head_offset_x_ratio,head_offset_y_ratio,nose_shoulder_x_ratio,nose_shoulder_y_ratio,abs_pose_x,abs_pose_y,face_detected,nose_visibility,shoulder_visibility_min,ear_visibility_min,left_wrist_visibility,right_wrist_visibility,visible_wrist_count,hand_visible,label
89a8b9491451,89a8b9491451_Focused_1779807282,1779807285.885,0,0.6631,0.5782,0.0107,0.0214,2.0452,-49.6323,179.0981,0,0.2922,-0.0053,-0.6631,-0.0214,-0.6363,49.6323,179.0981,1,0.9996,0.9948,0.999,0.2475,0.1926,1,1,Focused
89a8b9491451,89a8b9491451_Focused_1779807282,1779807286.162,1,0.6595,0.579,0.0106,0.0213,2.0321,-49.5645,179.0494,0,0.2938,-0.0053,-0.6595,-0.0213,-0.6329,49.5645,179.0494,1,0.9997,0.9947,0.9991,0.2464,0.1935,1,1,Focused
89a8b9491451,89a8b9491451_Focused_1779807282,1779807286.446,2,0.6595,0.5808,0.0106,0.0213,2.0346,-49.5655,178.9256,0,0.2938,-0.0053,-0.6595,-0.0213,-0.6329,49.5655,178.9256,1,0.9997,0.9948,0.9992,0.2544,0.1952,1,1,Focused
89a8b9491451,89a8b9491451_Focused_1779807282,1779807286.704,3,0.6596,0.5838,0.0053,0.0213,2.0325,-49.415,179.0156,0,0.2938,-0.0053,-0.6596,-0.0213,-0.6277,49.415,179.0156,1,0.9997,0.9947,0.9992,0.2478,0.1934,1,1,Focused
89a8b9491451,89a8b9491451_Focused_1779807282,1779807286.971,4,0.6596,0.582,0.0053,0.0213,2.0373,-49.3805,179.4405,0,0.2938,-0.0053,-0.6596,-0.016,-0.6277,49.3805,179.4405,1,0.9997,0.9945,0.9991,0.2418,0.1873,1,1,Focused
89a8b9491451,89a8b9491451_Focused_1779807282,1779807287.253,5,0.6596,0.5816,0.0053,0.0213,2.0392,-50.9965,-173.9997,0,0.2938,0.0,-0.6596,0.0,-0.6277,50.9965,173.9997,1,0.9997,0.9949,0.9992,0.2383,0.1884,1,1,Focused
89a8b9491451,89a8b9491451_Focused_1779807282,1779807287.518,6,0.6684,0.5829,0.0107,0.016,2.0426,-50.4598,-175.0666,0,0.2922,0.0,-0.6684,0.0053,-0.6363,50.4598,175.0666,1,0.9997,0.9948,0.9992,0.2336,0.1875,1,1,Focused
89a8b9491451,89a8b9491451_Focused_1779807282,1779807287.778,7,0.6684,0.5807,0.0107,0.016,2.0378,-50.329,-175.5756,0,0.2922,0.0,-0.6684,0.0107,-0.631,50.329,175.5756,1,0.9997,0.995,0.9992,0.2389,0.1921,1,1,Focused
89a8b9491451,89a8b9491451_Focused_1779807282,1779807288.042,8,0.6684,0.5799,0.0107,0.016,2.0426,-49.9067,-175.9956,0,0.2922,0.0,-0.6684,0.0107,-0.631,49.9067,175.9956,1,0.9997,0.9952,0.9993,0.2472,0.1976,1,1,Focused
89a8b9491451,89a8b9491451_Focused_1779807282,1779807288.304,9,0.6684,0.5813,0.0107,0.016,2.0355,-50.2289,-176.3237,0,0.2922,0.0,-0.6684,0.0107,-0.631,50.2289,176.3237,1,0.9998,0.9953,0.9993,0.252,0.2025,2,1,Focused
89a8b9491451,89a8b9491451_Focused_1779807282,1779807288.583,10,0.6684,0.5804,0.0107,0.016,2.0213,-48.6176,179.1794,0,0.2922,0.0,-0.6684,0.0,-0.631,48.6176,179.1794,1,0.9998,0.9953,0.9993,0.2518,0.1992,1,1,Focused
89a8b9491451,89a8b9491451_Focused_1779807282,1779807288.854,11,0.6595,0.5845,0.0106,0.0106,1.9964,-49.0702,176.7282,0,0.2938,-0.0053,-0.6595,-0.0266,-0.6276,49.0702,176.7282,1,0.9997,0.9952,0.9991,0.2536,0.192,1,1,Focused
89a8b9491451,89a8b9491451_Focused_1779807282,1779807289.12,12,0.6595,0.5877,0.0106,0.0106,1.9919,-48.8208,176.4454,0,0.2938,-0.0106,-0.6595,-0.0266,-0.6276,48.8208,176.4454,1,0.9997,0.995,0.9991,0.2487,0.183,1,1,Focused
89a8b9491451,89a8b9491451_Focused_1779807282,1779807289.384,13,0.6631,0.5909,0.0107,0.0107,1.9955,-49.6379,176.0165,0,0.2922,-0.0107,-0.6631,-0.0321,-0.6256,49.6379,176.0165,1,0.9997,0.9948,0.999,0.2451,0.1857,1,1,Focused
89a8b9491451,89a8b9491451_Focused_1779807282,1779807289.673,14,0.6631,0.5972,0.0107,0.0053,1.9809,-49.5726,173.1544,0,0.2922,-0.0107,-0.6631,-0.0481,-0.6203,49.5726,173.1544,1,0.9996,0.9941,0.9987,0.2248,0.175,1,1,Focused
89a8b9491451,89a8b9491451_Focused_1779807282,1779807289.946,15,0.6577,0.6013,0.016,0.0053,1.9808,-49.1908,172.7358,0,0.2922,-0.0107,-0.6577,-0.0588,-0.6095,49.1908,172.7358,1,0.9996,0.9938,0.9987,0.2261,0.1811,1,1,Focused
89a8b9491451,89a8b9491451_Focused_1779807282,1779807290.208,16,0.6577,0.6066,0.016,0.0053,1.9856,-49.2905,172.9903,0,0.2922,-0.0107,-0.6577,-0.0588,-0.6095,49.2905,172.9903,1,0.9996,0.9937,0.9986,0.2248,0.1895,1,1,Focused
89a8b9491451,89a8b9491451_Focused_1779807282,1779807290.484,17,0.6523,0.6107,0.016,0.0053,1.9759,-47.0705,176.3244,0,0.2922,-0.0107,-0.6523,-0.0588,-0.6042,47.0705,176.3244,1,0.9996,0.9935,0.9985,0.2199,0.1912,1,1,Focused
89a8b9491451,89a8b9491451_Focused_1779807282,1779807290.758,18,0.6577,0.6081,0.0107,0.0053,1.9977,-46.1654,177.4669,0,0.2922,-0.0107,-0.6577,-0.0374,-0.6096,46.1654,177.4669,1,0.9996,0.9934,0.9986,0.2143,0.1916,1,1,Focused
89a8b9491451,89a8b9491451_Focused_1779807282,1779807291.048,19,0.6577,0.6002,0.0107,0.0053,2.0022,-46.3008,177.6159,0,0.2922,-0.0107,-0.6577,-0.0321,-0.6096,46.3008,177.6159,1,0.9996,0.9936,0.9987,0.2164,0.194,1,1,Focused
89a8b9491451,89a8b9491451_Focused_1779807282,1779807291.308,20,0.6577,0.5955,0.0107,0.0,2.0093,-49.1128,176.9856,0,0.2922,-0.0107,-0.6577,-0.0321,-0.6149,49.1128,176.9856,1,0.9996,0.9937,0.9987,0.2202,0.1927,1,1,Focused
89a8b9491451,89a8b9491451_Focused_1779807282,1779807291.57,21,0.6631,0.5931,0.0107,0.0053,2.0093,-51.987,178.0246,0,0.2922,-0.0107,-0.6631,-0.0267,-0.6256,51.987,178.0246,1,0.9996,0.9936,0.9987,0.2216,0.1891,1,1,Focused
89a8b9491451,89a8b9491451_Focused_1779807282,1779807291.85,22,0.6577,0.5907,0.0053,0.0107,2.0026,-51.2422,177.8446,0,0.2922,-0.0107,-0.6577,-0.0267,-0.6257,51.2422,177.8446,1,0.9996,0.9937,0.9987,0.2201,0.1882,1,1,Focused
89a8b9491451,89a8b9491451_Focused_1779807282,1779807292.122,23,0.6577,0.5881,0.0053,0.0053,1.9765,-50.7076,177.7341,0,0.2922,-0.0107,-0.6577,-0.0267,-0.6203,50.7076,177.7341,1,0.9996,0.9944,0.9988,0.2348,0.2015,2,1,Focused
89a8b9491451,89a8b9491451_Focused_1779807282,1779807292.391,24,0.6613,0.5909,0.0054,0.0108,1.9849,-54.015,171.191,0,0.2906,-0.0161,-0.6613,-0.043,-0.6236,54.015,171.191,1,0.9996,0.9945,0.9988,0.2383,0.2114,2,1,Focused
89a8b9491451,89a8b9491451_Focused_1779807282,1779807292.654,25,0.6631,0.5915,0.0107,0.0053,1.9406,-54.0883,169.4158,0,0.2922,-0.016,-0.6631,-0.0588,-0.6256,54.0883,169.4158,1,0.9996,0.9947,0.9988,0.245,0.2214,2,1,Focused
89a8b9491451,89a8b9491451_Focused_1779807282,1779807292.92,26,0.6631,0.5839,0.0107,0.0053,1.9357,-54.1072,169.8484,0,0.2922,-0.0214,-0.6631,-0.0642,-0.6256,54.1072,169.8484,1,0.9996,0.9951,0.9988,0.2503,0.229,2,1,Focused
89a8b9491451,89a8b9491451_Focused_1779807282,1779807293.199,27,0.6631,0.5797,0.0107,0.0053,1.9525,-50.9091,175.5562,0,0.2922,-0.0214,-0.6631,-0.0642,-0.6203,50.9091,175.5562,1,0.9996,0.9954,0.9989,0.2595,0.238,2,1,Focused
89a8b9491451,89a8b9491451_Focused_1779807282,1779807293.49,28,0.6666,0.5864,0.0108,0.0054,1.9848,-49.7631,-179.4154,0,0.2906,-0.0161,-0.6666,-0.0376,-0.629,49.7631,179.4154,1,0.9997,0.9953,0.9989,0.2519,0.2276,2,1,Focused
89a8b9491451,89a8b9491451_Focused_1779807282,1779807293.773,29,0.6667,0.5972,0.0054,0.0054,1.9991,-50.3797,-178.2822,0,0.2906,-0.0108,-0.6667,-0.0161,-0.629,50.3797,178.2822,1,0.9997,0.9952,0.999,0.2552,0.228,2,1,Focused
89a8b9491451,89a8b9491451_Slouching_1779807309,1779807312.411,30,0.4306,0.5844,0.0989,0.0407,1.9497,-25.6226,178.9395,0,0.2685,-0.0466,-0.4306,-0.0698,-0.2386,25.6226,178.9395,1,0.9998,0.9964,0.9993,0.231,0.1211,1,1,Slouching
89a8b9491451,89a8b9491451_Slouching_1779807309,1779807312.678,31,0.4309,0.5881,0.0932,0.0408,1.9483,-25.5671,178.9424,0,0.2684,-0.0466,-0.4309,-0.0699,-0.2387,25.5671,178.9424,1,0.9998,0.9963,0.9993,0.2236,0.1143,1,1,Slouching
89a8b9491451,89a8b9491451_Slouching_1779807309,1779807312.965,32,0.4277,0.5864,0.0879,0.041,1.9642,-25.5134,179.6236,0,0.2667,-0.0469,-0.4277,-0.0703,-0.2344,25.5134,179.6236,1,0.9998,0.996,0.9992,0.2162,0.108,1,1,Slouching
89a8b9491451,89a8b9491451_Slouching_1779807309,1779807313.245,33,0.43,0.594,0.0943,0.0295,1.9662,-25.0007,178.4723,0,0.2652,-0.0471,-0.43,-0.0884,-0.2415,25.0007,178.4723,1,0.9997,0.996,0.9992,0.2245,0.1101,1,1,Slouching
89a8b9491451,89a8b9491451_Slouching_1779807309,1779807313.499,34,0.4298,0.6082,0.1001,0.0235,1.9692,-23.7877,-178.2577,0,0.2654,-0.0471,-0.4298,-0.0883,-0.2414,23.7877,178.2577,1,0.9997,0.9962,0.9993,0.2254,0.1026,1,1,Slouching
89a8b9491451,89a8b9491451_Slouching_1779807309,1779807313.768,35,0.4292,0.6125,0.1117,0.0118,1.9625,-24.0526,-177.7407,0,0.2657,-0.0353,-0.4292,-0.0823,-0.247,24.0526,177.7407,1,0.9998,0.996,0.9993,0.2297,0.1064,1,1,Slouching
89a8b9491451,89a8b9491451_Slouching_1779807309,1779807314.045,36,0.4343,0.621,0.139,0.0058,1.941,-24.3865,-177.6657,0,0.2698,-0.0347,-0.4343,-0.0811,-0.2548,24.3865,177.6657,1,0.9998,0.9962,0.9994,0.2328,0.1094,1,1,Slouching
89a8b9491451,89a8b9491451_Slouching_1779807309,1779807314.324,37,0.4264,0.6491,0.1325,0.0,1.9113,-19.5346,177.9089,0,0.2711,-0.0403,-0.4264,-0.0922,-0.2247,19.5346,177.9089,1,0.9997,0.9955,0.9991,0.2366,0.1188,1,1,Slouching
89a8b9491451,89a8b9491451_Slouching_1779807309,1779807314.606,38,0.3941,0.5837,0.1333,0.0116,1.7418,0.0,0.0,0,0.2696,-0.1159,-0.3941,-0.2492,-0.1507,0.0,0.0,0,0.9994,0.9938,0.9981,0.2342,0.158,1,1,Slouching
89a8b9491451,89a8b9491451_Slouching_1779807309,1779807314.881,39,0.4002,0.5585,0.1276,0.0232,1.7107,0.0,0.0,0,0.2694,-0.1682,-0.4002,-0.3132,-0.1508,0.0,0.0,0,0.999,0.9927,0.997,0.2065,0.1809,1,1,Slouching
89a8b9491451,89a8b9491451_Slouching_1779807309,1779807315.168,40,0.4025,0.5625,0.1283,0.035,5.0,0.0,0.0,0,0.2678,-0.1867,-0.4025,-0.3209,-0.1517,0.0,0.0,0,0.9987,0.9921,0.9961,0.1918,0.1953,0,0,Slouching
89a8b9491451,89a8b9491451_Slouching_1779807309,1779807315.458,41,0.4148,0.5688,0.1168,0.0409,1.7268,0.0,0.0,0,0.2675,-0.1928,-0.4148,-0.333,-0.1577,0.0,0.0,0,0.9986,0.9925,0.9956,0.1848,0.213,1,1,Slouching
89a8b9491451,89a8b9491451_Slouching_1779807309,1779807315.751,42,0.4182,0.5157,0.1162,0.0523,1.7955,0.0,0.0,0,0.269,-0.1859,-0.4182,-0.3253,-0.1626,0.0,0.0,0,0.9985,0.9924,0.9956,0.1798,0.2062,1,1,Slouching
89a8b9491451,89a8b9491451_Slouching_1779807309,1779807316.024,43,0.4216,0.5256,0.1155,0.0404,1.7933,-27.4695,177.4967,0,0.2706,-0.1617,-0.4216,-0.3003,-0.1617,27.4695,177.4967,1,0.9982,0.9919,0.9948,0.1797,0.2111,1,1,Slouching
89a8b9491451,89a8b9491451_Slouching_1779807309,1779807316.305,44,0.395,0.4825,0.1162,0.0174,1.422,-26.9162,176.7118,0,0.269,-0.151,-0.395,-0.2788,-0.151,26.9162,176.7118,1,0.9987,0.9933,0.9963,0.232,0.2343,2,1,Slouching
89a8b9491451,89a8b9491451_Slouching_1779807309,1779807316.556,45,0.3894,0.5566,0.1104,0.0174,1.4252,-26.3936,175.7347,0,0.2688,-0.1453,-0.3894,-0.2674,-0.1453,26.3936,175.7347,1,0.9991,0.9951,0.9975,0.3707,0.3259,2,1,Slouching
89a8b9491451,89a8b9491451_Slouching_1779807309,1779807316.832,46,0.375,0.5766,0.0879,0.0352,1.3025,0.0,0.0,0,0.2667,-0.1465,-0.375,-0.252,-0.1231,0.0,0.0,0,0.9992,0.9946,0.9978,0.2957,0.3201,2,1,Slouching
89a8b9491451,89a8b9491451_Slouching_1779807309,1779807317.117,47,0.3801,0.6193,0.0175,0.0526,1.5256,0.0,0.0,0,0.2672,-0.1169,-0.3801,-0.1579,-0.1169,0.0,0.0,0,0.999,0.9928,0.9971,0.1861,0.23,1,1,Slouching
89a8b9491451,89a8b9491451_Slouching_1779807309,1779807317.385,48,0.3508,0.6379,0.0175,0.0351,5.0,0.0,0.0,0,0.2672,-0.0585,-0.3508,-0.076,-0.0994,0.0,0.0,0,0.9982,0.9895,0.9951,0.1196,0.1543,0,0,Slouching
89a8b9491451,89a8b9491451_Slouching_1779807309,1779807317.661,49,0.3491,0.66,0.0059,0.0414,5.0,0.0,0.0,0,0.2641,-0.0533,-0.3491,-0.0828,-0.0888,0.0,0.0,0,0.9976,0.9855,0.9932,0.0871,0.1172,0,0,Slouching
89a8b9491451,89a8b9491451_Slouching_1779807309,1779807317.913,50,0.3452,0.6268,0.006,0.0417,5.0,0.0,0.0,0,0.2625,-0.0774,-0.3452,-0.119,-0.0774,0.0,0.0,0,0.9976,0.9852,0.9927,0.0751,0.1096,0,0,Slouching
89a8b9491451,89a8b9491451_Slouching_1779807309,1779807318.185,51,0.3413,0.6209,0.0,0.0479,5.0,0.0,0.0,0,0.2609,-0.0778,-0.3413,-0.1138,-0.0659,0.0,0.0,0,0.9976,0.9824,0.9928,0.0699,0.1172,0,0,Slouching
89a8b9491451,89a8b9491451_Slouching_1779807309,1779807318.459,52,0.3333,0.6558,0.0,0.0476,5.0,0.0,0.0,0,0.2625,-0.0774,-0.3333,-0.1071,-0.0655,0.0,0.0,0,0.9973,0.9777,0.9913,0.062,0.1105,0,0,Slouching
89a8b9491451,89a8b9491451_Slouching_1779807309,1779807318.737,53,0.3373,0.612,0.0118,0.0414,5.0,0.0,0.0,0,0.2641,-0.0769,-0.3373,-0.1065,-0.0651,0.0,0.0,0,0.9976,0.9821,0.9916,0.0636,0.1138,0,0,Slouching
89a8b9491451,89a8b9491451_Slouching_1779807309,1779807319.025,54,0.3412,0.6015,0.0118,0.0353,5.0,0.0,0.0,0,0.2656,-0.0706,-0.3412,-0.1059,-0.0823,0.0,0.0,0,0.998,0.9858,0.9931,0.0623,0.1076,0,0,Slouching
89a8b9491451,89a8b9491451_Slouching_1779807309,1779807319.321,55,0.3412,0.6311,0.0118,0.0353,5.0,0.0,0.0,0,0.2656,-0.0647,-0.3412,-0.0823,-0.0882,0.0,0.0,0,0.998,0.986,0.9932,0.0578,0.0985,0,0,Slouching
89a8b9491451,89a8b9491451_Slouching_1779807309,1779807319.588,56,0.3508,0.6066,0.0175,0.0351,5.0,0.0,0.0,0,0.2672,-0.0409,-0.3508,-0.0585,-0.0936,0.0,0.0,0,0.9982,0.9878,0.9941,0.0542,0.0947,0,0,Slouching
89a8b9491451,89a8b9491451_Slouching_1779807309,1779807319.869,57,0.3566,0.5832,0.0234,0.0409,5.0,0.0,0.0,0,0.2673,-0.0292,-0.3566,-0.0526,-0.0935,0.0,0.0,0,0.9982,0.9888,0.9943,0.0501,0.0917,0,0,Slouching
89a8b9491451,89a8b9491451_Slouching_1779807309,1779807320.141,58,0.3507,0.61,0.0351,0.0292,5.0,0.0,0.0,0,0.2674,-0.0351,-0.3507,-0.0584,-0.0877,0.0,0.0,0,0.9982,0.9891,0.9947,0.0482,0.0913,0,0,Slouching
89a8b9491451,89a8b9491451_Slouching_1779807309,1779807320.425,59,0.3331,0.5589,0.0351,0.0292,5.0,0.0,0.0,0,0.2674,-0.0877,-0.3331,-0.152,-0.0584,0.0,0.0,0,0.9981,0.9889,0.9944,0.0495,0.0906,0,0,Slouching
89a8b9491451,89a8b9491451_Slouching_1779807309,1779807320.714,60,0.3234,0.6062,0.0294,0.0412,5.0,0.0,0.0,0,0.2657,-0.1117,-0.3234,-0.1882,-0.047,0.0,0.0,0,0.998,0.989,0.9943,0.055,0.1052,0,0,Slouching
89a8b9491451,89a8b9491451_Slouching_1779807309,1779807320.994,61,0.3292,0.55,0.0353,0.0412,5.0,0.0,0.0,0,0.2658,-0.1117,-0.3292,-0.1881,-0.0529,0.0,0.0,0,0.9979,0.9881,0.9944,0.0536,0.1015,0,0,Slouching
89a8b9491451,89a8b9491451_Slouching_1779807309,1779807321.264,62,0.3273,0.5677,0.0351,0.0409,5.0,0.0,0.0,0,0.2674,-0.111,-0.3273,-0.187,-0.0526,0.0,0.0,0,0.9978,0.9879,0.9943,0.0491,0.0986,0,0,Slouching
89a8b9491451,89a8b9491451_Slouching_1779807309,1779807321.56,63,0.3271,0.5741,0.0467,0.035,5.0,0.0,0.0,0,0.2675,-0.1051,-0.3271,-0.1811,-0.0584,0.0,0.0,0,0.9979,0.9878,0.9946,0.0475,0.0964,0,0,Slouching
89a8b9491451,89a8b9491451_Slouching_1779807309,1779807321.844,64,0.3271,0.5565,0.0467,0.035,5.0,0.0,0.0,0,0.2675,-0.0993,-0.3271,-0.1752,-0.0584,0.0,0.0,0,0.9979,0.9869,0.9946,0.045,0.0904,0,0,Slouching
89a8b9491451,89a8b9491451_Slouching_1779807309,1779807322.123,65,0.3272,0.5765,0.0409,0.0351,5.0,0.0,0.0,0,0.2674,-0.0993,-0.3272,-0.1694,-0.0584,0.0,0.0,0,0.998,0.9871,0.9949,0.0455,0.0868,0,0,Slouching
89a8b9491451,89a8b9491451_Slouching_1779807309,1779807322.385,66,0.2514,0.6418,0.0292,0.0175,5.0,0.0,0.0,0,0.2673,-0.1111,-0.2514,-0.1754,0.0351,0.0,0.0,0,0.9951,0.9785,0.9864,0.0494,0.1093,0,0,Slouching
89a8b9491451,89a8b9491451_Slouching_1779807309,1779807322.655,67,0.011,0.4989,0.099,0.0275,5.0,0.0,0.0,0,0.2842,-0.1484,-0.011,-0.2089,0.2419,0.0,0.0,0,0.997,0.9823,0.9918,0.0654,0.1335,0,0,Slouching
89a8b9491451,89a8b9491451_Slouching_1779807309,1779807322.931,68,0.0265,0.3768,0.0848,0.0053,5.0,0.0,0.0,0,0.2948,-0.1855,0.0265,-0.2332,0.2862,0.0,0.0,0,0.9922,0.9741,0.992,0.0461,0.0889,0,0,Slouching
89a8b9491451,89a8b9491451_Slouching_1779807309,1779807323.212,69,0.0422,0.3858,0.0896,0.0,5.0,0.0,0.0,0,0.2965,-0.1686,0.0422,-0.2213,0.2846,0.0,0.0,0,0.9777,0.9736,0.9912,0.0332,0.0615,0,0,Slouching
89a8b9491451,89a8b9491451_Slouching_1779807309,1779807323.508,70,0.0368,0.3931,0.1052,0.0,5.0,0.0,0.0,0,0.297,-0.1684,0.0368,-0.1999,0.2841,0.0,0.0,0,0.9796,0.9812,0.9943,0.0282,0.0514,0,0,Slouching
89a8b9491451,89a8b9491451_Slouching_1779807309,1779807323.78,71,0.1398,0.4802,0.0362,0.0362,5.0,0.0,0.0,0,0.3018,-0.1294,-0.1398,-0.1553,0.1553,0.0,0.0,0,0.9859,0.9846,0.9962,0.0455,0.0531,0,0,Slouching
89a8b9491451,89a8b9491451_Slouching_1779807309,1779807324.056,72,0.1309,0.438,0.0436,0.0339,5.0,0.0,0.0,0,0.3222,-0.0873,-0.1309,-0.1018,0.1455,0.0,0.0,0,0.992,0.9894,0.9976,0.0616,0.0656,0,0,Slouching
89a8b9491451,89a8b9491451_Slouching_1779807309,1779807324.341,73,0.0857,0.478,0.0238,0.0095,5.0,0.0,0.0,0,0.3282,-0.0952,-0.0857,-0.1143,0.1761,0.0,0.0,0,0.9951,0.9911,0.9984,0.0713,0.0759,0,0,Slouching
89a8b9491451,89a8b9491451_Slouching_1779807309,1779807324.622,74,0.1054,0.4268,0.0402,0.0402,5.0,0.0,0.0,0,0.3112,-0.1255,-0.1054,-0.1205,0.1607,0.0,0.0,0,0.9971,0.993,0.9988,0.1011,0.1008,0,0,Slouching
89a8b9491451,89a8b9491451_Slouching_1779807309,1779807324.877,75,0.1586,0.4551,0.0423,0.0423,5.0,0.0,0.0,0,0.2956,-0.1269,-0.1586,-0.1427,0.1216,0.0,0.0,0,0.9982,0.9951,0.9991,0.1165,0.1465,0,0,Slouching
89a8b9491451,89a8b9491451_Leaning_on_Desk_1779807336,1779807339.045,76,0.5325,0.4384,0.1384,0.0639,0.4475,-52.8284,161.0345,1,0.2935,-0.1491,-0.5325,-0.2396,-0.4686,52.8284,161.0345,1,1.0,0.9985,0.9999,0.9811,0.2366,2,1,Leaning on Desk
89a8b9491451,89a8b9491451_Leaning_on_Desk_1779807336,1779807339.301,77,0.5293,0.4462,0.1429,0.0635,0.4447,-52.7078,161.2415,1,0.2952,-0.1482,-0.5293,-0.2382,-0.4658,52.7078,161.2415,1,1.0,0.9985,0.9999,0.981,0.2298,2,1,Leaning on Desk
89a8b9491451,89a8b9491451_Leaning_on_Desk_1779807336,1779807339.57,78,0.5322,0.4331,0.137,0.0632,0.4481,-52.6219,161.1277,1,0.2965,-0.1475,-0.5322,-0.2318,-0.4742,52.6219,161.1277,1,1.0,0.9986,0.9999,0.9815,0.2308,2,1,Leaning on Desk
89a8b9491451,89a8b9491451_Leaning_on_Desk_1779807336,1779807339.826,79,0.5322,0.4417,0.137,0.0632,0.4481,-52.8434,161.0874,1,0.2965,-0.1475,-0.5322,-0.2318,-0.4742,52.8434,161.0874,1,1.0,0.9985,0.9999,0.981,0.2273,2,1,Leaning on Desk
89a8b9491451,89a8b9491451_Leaning_on_Desk_1779807336,1779807340.119,80,0.5325,0.4023,0.1318,0.0685,0.4437,-48.2145,162.1229,1,0.2963,-0.1371,-0.5325,-0.2162,-0.4693,48.2145,162.1229,1,1.0,0.9987,0.9999,0.9835,0.2393,2,1,Leaning on Desk
89a8b9491451,89a8b9491451_Leaning_on_Desk_1779807336,1779807340.404,81,0.5336,0.5077,0.1001,0.1112,0.4481,-32.7051,166.6985,1,0.2811,-0.2112,-0.5336,-0.2668,-0.4225,32.7051,166.6985,1,1.0,0.9981,0.9999,0.9873,0.2269,2,1,Leaning on Desk
89a8b9491451,89a8b9491451_Leaning_on_Desk_1779807336,1779807340.673,82,0.4447,0.5848,0.0844,0.152,0.3123,-33.1045,166.0035,1,0.2776,-0.304,-0.4447,-0.3659,-0.259,33.1045,166.0035,1,0.9998,0.9976,0.9996,0.9855,0.2077,2,1,Leaning on Desk
89a8b9491451,89a8b9491451_Leaning_on_Desk_1779807336,1779807340.95,83,0.4413,0.5463,0.0745,0.1433,0.3793,-31.7913,167.1458,1,0.2726,-0.3095,-0.4413,-0.3725,-0.2636,31.7913,167.1458,1,0.9998,0.9976,0.9995,0.9848,0.205,2,1,Leaning on Desk
89a8b9491451,89a8b9491451_Leaning_on_Desk_1779807336,1779807341.226,84,0.4436,0.5591,0.0807,0.1556,0.3231,-30.9395,167.0575,1,0.2712,-0.3054,-0.4436,-0.3687,-0.2593,30.9395,167.0575,1,0.9997,0.9975,0.9993,0.9847,0.1795,1,1,Leaning on Desk
89a8b9491451,89a8b9491451_Leaning_on_Desk_1779807336,1779807341.521,85,0.4411,0.5524,0.0802,0.1547,0.3105,-30.363,167.9204,1,0.2728,-0.3036,-0.4411,-0.3609,-0.2578,30.363,167.9204,1,0.9996,0.9974,0.9991,0.984,0.1628,1,1,Leaning on Desk
89a8b9491451,89a8b9491451_Leaning_on_Desk_1779807336,1779807341.779,86,0.47,0.5658,0.0895,0.1175,0.4159,-33.1777,169.5095,1,0.2792,-0.2462,-0.47,-0.2742,-0.3413,33.1777,169.5095,1,0.9997,0.9967,0.9992,0.9865,0.1575,1,1,Leaning on Desk
89a8b9491451,89a8b9491451_Leaning_on_Desk_1779807336,1779807342.034,87,0.506,0.5189,0.0925,0.0925,0.4809,-41.6639,173.0865,1,0.2872,-0.1904,-0.506,-0.2068,-0.4081,41.6639,173.0865,1,0.9998,0.9959,0.9995,0.9905,0.2275,2,1,Leaning on Desk
89a8b9491451,89a8b9491451_Leaning_on_Desk_1779807336,1779807342.29,88,0.4037,0.4577,0.1722,0.2045,0.2873,-38.0457,-179.3599,1,0.2903,-0.2691,-0.4037,-0.2907,-0.2476,38.0457,179.3599,1,0.9999,0.9966,0.9997,0.9919,0.2117,2,1,Leaning on Desk
89a8b9491451,89a8b9491451_Leaning_on_Desk_1779807336,1779807342.574,89,0.3414,0.4982,0.1764,0.1935,0.3244,-41.1862,178.2817,1,0.2746,-0.2845,-0.3414,-0.3016,-0.165,41.1862,178.2817,1,0.9999,0.9971,0.9998,0.993,0.2048,2,1,Leaning on Desk
89a8b9491451,89a8b9491451_Leaning_on_Desk_1779807336,1779807342.856,90,0.3444,0.5028,0.1863,0.192,0.2937,-41.1626,178.6397,1,0.2767,-0.2993,-0.3444,-0.3218,-0.1581,41.1626,178.6397,1,0.9999,0.9973,0.9999,0.9939,0.194,1,1,Leaning on Desk
89a8b9491451,89a8b9491451_Leaning_on_Desk_1779807336,1779807343.135,91,0.3418,0.4406,0.1961,0.1849,0.2802,-41.6907,178.0995,1,0.2789,-0.2914,-0.3418,-0.3474,-0.1569,41.6907,178.0995,1,0.9999,0.9974,0.9999,0.9942,0.1593,1,1,Leaning on Desk
89a8b9491451,89a8b9491451_Leaning_on_Desk_1779807336,1779807343.408,92,0.3436,0.5156,0.194,0.1774,0.2832,-40.2079,176.1337,1,0.2819,-0.2827,-0.3436,-0.3104,-0.1663,40.2079,176.1337,1,0.9999,0.9971,0.9998,0.9939,0.153,1,1,Leaning on Desk
89a8b9491451,89a8b9491451_Leaning_on_Desk_1779807336,1779807343.694,93,0.5233,0.4206,0.0771,0.1047,0.403,-41.5589,159.2765,1,0.2837,-0.2148,-0.5233,-0.2754,-0.4131,41.5589,159.2765,1,0.9999,0.9971,0.9999,0.993,0.1852,1,1,Leaning on Desk
89a8b9491451,89a8b9491451_Leaning_on_Desk_1779807336,1779807343.973,94,0.4979,0.4947,0.0916,0.103,0.3508,-30.2692,152.6885,1,0.273,-0.2976,-0.4979,-0.3892,-0.3434,30.2692,152.6885,1,0.9999,0.9972,0.9998,0.9914,0.225,2,1,Leaning on Desk
89a8b9491451,89a8b9491451_Leaning_on_Desk_1779807336,1779807344.248,95,0.506,0.4319,0.1059,0.1118,0.3417,-29.2789,156.54,1,0.2656,-0.3177,-0.506,-0.3942,-0.3471,29.2789,156.54,1,0.9999,0.9974,0.9998,0.9895,0.2171,2,1,Leaning on Desk
89a8b9491451,89a8b9491451_Leaning_on_Desk_1779807336,1779807344.524,96,0.4859,0.413,0.0948,0.1067,0.3109,-29.4688,157.0201,1,0.2637,-0.32,-0.4859,-0.4089,-0.3259,29.4688,157.0201,1,0.9998,0.9975,0.9997,0.9856,0.2092,2,1,Leaning on Desk
89a8b9491451,89a8b9491451_Leaning_on_Desk_1779807336,1779807344.793,97,0.5392,0.5063,0.0631,0.0401,0.6316,-35.559,166.0456,1,0.2724,-0.1204,-0.5392,-0.2007,-0.4416,35.559,166.0456,1,0.9999,0.9979,0.9997,0.9853,0.3029,2,1,Leaning on Desk
89a8b9491451,89a8b9491451_Leaning_on_Desk_1779807336,1779807345.073,98,0.5942,0.6083,0.1879,0.0243,0.5473,-32.3184,-172.9076,1,0.2577,-0.0303,-0.5942,-0.097,-0.4972,32.3184,172.9076,1,0.9999,0.9969,0.9997,0.8745,0.6227,2,1,Leaning on Desk
89a8b9491451,89a8b9491451_Leaning_on_Desk_1779807336,1779807345.329,99,0.4799,0.5762,0.2804,0.1079,0.4592,-29.3746,-174.8822,1,0.2898,0.027,-0.4799,-0.0377,-0.3559,29.3746,174.8822,1,0.9998,0.9955,0.9997,0.6417,0.7902,2,1,Leaning on Desk
89a8b9491451,89a8b9491451_Leaning_on_Desk_1779807336,1779807345.581,100,0.4558,0.4839,0.251,0.0819,0.3832,-29.8263,-175.9988,1,0.3051,0.041,-0.4558,-0.0256,-0.3329,29.8263,175.9988,1,0.9995,0.996,0.9992,0.3806,0.8561,2,1,Leaning on Desk
89a8b9491451,89a8b9491451_Leaning_on_Desk_1779807336,1779807345.834,101,0.4558,0.4896,0.2486,0.0777,0.3855,-30.2161,-175.1507,1,0.3017,0.0466,-0.4558,-0.0104,-0.3263,30.2161,175.1507,1,0.9994,0.9964,0.9991,0.2423,0.8957,2,1,Leaning on Desk
89a8b9491451,89a8b9491451_Leaning_on_Desk_1779807336,1779807346.093,102,0.4449,0.5199,0.2535,0.0724,0.3819,-31.687,-175.5616,1,0.3021,0.0466,-0.4449,-0.0103,-0.3104,31.687,175.5616,1,0.9995,0.997,0.9992,0.1747,0.9195,1,1,Leaning on Desk
89a8b9491451,89a8b9491451_Leaning_on_Desk_1779807336,1779807346.369,103,0.5016,0.514,0.256,0.115,0.4914,-35.5843,179.1596,1,0.299,0.0523,-0.5016,-0.0052,-0.4389,35.5843,179.1596,1,0.9994,0.9957,0.9991,0.1455,0.9263,1,1,Leaning on Desk
89a8b9491451,89a8b9491451_Leaning_on_Desk_1779807336,1779807346.637,104,0.5695,0.4595,0.265,0.1522,0.5255,-38.4954,164.9936,1,0.2771,0.0733,-0.5695,-0.0282,-0.5244,38.4954,164.9936,1,0.9981,0.9783,0.9975,0.1258,0.875,1,1,Leaning on Desk
89a8b9491451,89a8b9491451_Leaning_on_Desk_1779807336,1779807346.908,105,0.4709,0.5108,0.3027,0.1289,0.3171,-43.2232,164.6153,1,0.2787,0.0785,-0.4709,-0.028,-0.3532,43.2232,164.6153,1,0.9965,0.9748,0.9955,0.1337,0.858,1,1,Leaning on Desk
89a8b9491451,89a8b9491451_Leaning_on_Desk_1779807336,1779807347.186,106,0.4776,0.4976,0.2777,0.1166,0.3234,-42.6563,167.0505,1,0.2814,0.0888,-0.4776,0.0167,-0.3609,42.6563,167.0505,1,0.9963,0.9761,0.9953,0.1675,0.8504,1,1,Leaning on Desk
89a8b9491451,89a8b9491451_Leaning_on_Desk_1779807336,1779807347.46,107,0.4628,0.4901,0.2668,0.1198,0.3054,-42.4547,168.5945,1,0.287,0.0926,-0.4628,0.0,-0.3485,42.4547,168.5945,1,0.9963,0.9772,0.9954,0.1682,0.8544,1,1,Leaning on Desk
89a8b9491451,89a8b9491451_Leaning_on_Desk_1779807336,1779807347.723,108,0.4641,0.506,0.259,0.1187,0.3229,-41.5871,168.0076,1,0.2896,0.0863,-0.4641,-0.0054,-0.3507,41.5871,168.0076,1,0.9965,0.9814,0.9957,0.1541,0.8731,1,1,Leaning on Desk
89a8b9491451,89a8b9491451_Leaning_on_Desk_1779807336,1779807347.989,109,0.5652,0.3673,0.2009,0.1256,0.5539,-42.7631,168.0847,1,0.2488,0.0314,-0.5652,-0.1256,-0.5149,42.7631,168.0847,1,0.9961,0.9741,0.9943,0.1975,0.8667,1,1,Leaning on Desk
89a8b9491451,89a8b9491451_Leaning_on_Desk_1779807336,1779807348.268,110,0.5282,0.4274,0.1227,0.0747,0.6068,-43.0172,164.4714,1,0.2928,-0.08,-0.5282,-0.1974,-0.4749,43.0172,164.4714,1,0.9978,0.9844,0.9969,0.5623,0.9205,2,1,Leaning on Desk
89a8b9491451,89a8b9491451_Leaning_on_Desk_1779807336,1779807348.546,111,0.4243,0.5761,0.0335,0.0447,0.4228,-24.1383,171.2312,1,0.2798,-0.2122,-0.4243,-0.3015,-0.2736,24.1383,171.2312,1,0.9988,0.9906,0.9983,0.7442,0.9447,2,1,Leaning on Desk
89a8b9491451,89a8b9491451_Leaning_on_Desk_1779807336,1779807348.802,112,0.4778,0.4807,0.0251,0.0692,0.446,-26.1905,169.8898,1,0.2485,-0.2955,-0.4778,-0.4024,-0.2829,26.1905,169.8898,1,0.9992,0.9931,0.9989,0.8129,0.9523,2,1,Leaning on Desk
89a8b9491451,89a8b9491451_Leaning_on_Desk_1779807336,1779807349.066,113,0.4534,0.6083,0.049,0.0613,0.4402,-24.9285,170.0357,1,0.255,-0.2819,-0.4534,-0.386,-0.2757,24.9285,170.0357,1,0.9996,0.9949,0.9994,0.8541,0.9588,2,1,Leaning on Desk
89a8b9491451,89a8b9491451_Leaning_on_Desk_1779807336,1779807349.331,114,0.5145,0.4126,0.0419,0.0,0.5169,-36.6329,164.4207,1,0.2612,-0.2034,-0.5145,-0.359,-0.4248,36.6329,164.4207,1,0.9997,0.9951,0.9996,0.8716,0.956,2,1,Leaning on Desk
89a8b9491451,89a8b9491451_Leaning_on_Desk_1779807336,1779807349.609,115,0.5358,0.5154,0.0221,0.0166,0.4913,-44.3743,165.83,1,0.2829,-0.127,-0.5358,-0.243,-0.4585,44.3743,165.83,1,0.9997,0.9905,0.9995,0.8858,0.9523,2,1,Leaning on Desk
89a8b9491451,89a8b9491451_Leaning_on_Desk_1779807336,1779807349.869,116,0.5164,0.5492,0.0333,0.0167,0.4584,-32.4973,163.9591,1,0.2814,-0.1555,-0.5164,-0.2776,-0.4053,32.4973,163.9591,1,0.9997,0.9888,0.9996,0.8823,0.9513,2,1,Leaning on Desk
89a8b9491451,89a8b9491451_Leaning_on_Desk_1779807336,1779807350.146,117,0.4992,0.4846,0.0561,0.0337,0.4417,-30.7987,163.831,1,0.2786,-0.1627,-0.4992,-0.3029,-0.3814,30.7987,163.831,1,0.9998,0.9894,0.9997,0.8906,0.9468,2,1,Leaning on Desk
89a8b9491451,89a8b9491451_Leaning_on_Desk_1779807336,1779807350.423,118,0.4983,0.4836,0.083,0.0332,0.499,-38.5352,162.2435,1,0.2822,-0.1384,-0.4983,-0.2657,-0.4042,38.5352,162.2435,1,0.9998,0.9906,0.9998,0.9149,0.9497,2,1,Leaning on Desk
89a8b9491451,89a8b9491451_Leaning_on_Desk_1779807336,1779807350.7,119,0.2317,0.4578,0.0755,0.0957,0.228,0.0,0.0,1,0.3103,-0.1511,-0.2317,-0.1662,0.0101,0.0,0.0,0,0.9999,0.9929,0.9999,0.9385,0.9502,2,1,Leaning on Desk
89a8b9491451,89a8b9491451_Leaning_on_Desk_1779807336,1779807350.954,120,0.108,0.4121,0.072,0.0771,0.3057,-16.6581,168.0999,1,0.3039,-0.1542,-0.108,-0.1851,0.144,16.6581,168.0999,1,0.9998,0.9949,0.9999,0.9297,0.9584,2,1,Leaning on Desk
89a8b9491451,89a8b9491451_Leaning_on_Desk_1779807336,1779807351.231,121,0.1505,0.4423,0.0602,0.0853,0.2659,0.0,0.0,1,0.3115,-0.1806,-0.1505,-0.2107,0.1003,0.0,0.0,0,0.9998,0.9969,0.9999,0.9357,0.9735,2,1,Leaning on Desk
89a8b9491451,89a8b9491451_Leaning_on_Desk_1779807336,1779807351.493,122,0.1116,0.5062,0.034,0.0631,0.2387,0.0,0.0,1,0.3221,-0.1844,-0.1116,-0.2232,0.1213,0.0,0.0,0,0.9999,0.9981,0.9999,0.9496,0.9836,2,1,Leaning on Desk
89a8b9491451,89a8b9491451_Leaning_on_Desk_1779807336,1779807351.753,123,0.1067,0.4472,0.034,0.0631,0.2387,0.0,0.0,1,0.3221,-0.1844,-0.1067,-0.2232,0.1261,0.0,0.0,0,0.9999,0.9988,0.9999,0.9619,0.9897,2,1,Leaning on Desk
89a8b9491451,89a8b9491451_Leaning_on_Desk_1779807336,1779807352.041,124,0.1198,0.3915,0.0549,0.0998,0.2687,0.0,0.0,1,0.313,-0.1947,-0.1198,-0.2197,0.1198,0.0,0.0,0,0.9999,0.9992,0.9999,0.9673,0.9929,2,1,Leaning on Desk
89a8b9491451,89a8b9491451_Leaning_on_Desk_1779807336,1779807352.316,125,0.1284,0.3726,0.1016,0.123,0.3295,-33.428,160.8404,1,0.2921,-0.2086,-0.1284,-0.246,0.1337,33.428,160.8404,1,0.9998,0.9991,0.9999,0.9408,0.9893,2,1,Leaning on Desk
89a8b9491451,89a8b9491451_Leaning_on_Desk_1779807336,1779807352.6,126,0.1282,0.3982,0.1122,0.1175,0.3323,0.0,0.0,1,0.2925,-0.1977,-0.1282,-0.2404,0.1229,0.0,0.0,0,0.9997,0.9989,0.9998,0.9387,0.9866,2,1,Leaning on Desk
89a8b9491451,89a8b9491451_Leaning_on_Desk_1779807336,1779807352.857,127,0.1749,0.4032,0.1325,0.1378,0.2915,-28.2852,177.8199,1,0.2948,-0.1855,-0.1749,-0.212,0.0901,28.2852,177.8199,1,0.9997,0.9986,0.9998,0.9387,0.9818,2,1,Leaning on Desk
89a8b9491451,89a8b9491451_Leaning_on_Desk_1779807336,1779807353.133,128,0.3712,0.3717,0.1274,0.1773,0.3544,-27.4554,-155.728,1,0.282,-0.3325,-0.3712,-0.3768,-0.2106,27.4554,155.728,1,0.9997,0.9981,0.9998,0.9339,0.965,2,1,Leaning on Desk
89a8b9491451,89a8b9491451_Leaning_on_Desk_1779807336,1779807353.412,129,0.37,0.4365,0.2241,0.1928,0.2686,-48.9304,165.6915,1,0.2998,-0.3388,-0.37,-0.3752,-0.2189,48.9304,165.6915,1,0.9994,0.9943,0.9994,0.9153,0.6626,2,1,Leaning on Desk
89a8b9491451,89a8b9491451_Leaning_on_Desk_1779807336,1779807353.678,130,0.3766,0.4665,0.2129,0.202,0.2979,-44.6903,160.6981,1,0.2862,-0.3821,-0.3766,-0.4312,-0.2074,44.6903,160.6981,1,0.9995,0.9955,0.9993,0.9451,0.3896,2,1,Leaning on Desk
89a8b9491451,89a8b9491451_Leaning_on_Desk_1779807336,1779807353.959,131,0.3681,0.4855,0.2175,0.2119,0.3293,-44.6068,161.066,1,0.2801,-0.396,-0.3681,-0.4574,-0.1841,44.6068,161.066,1,0.9997,0.9962,0.9995,0.9619,0.2604,2,1,Leaning on Desk
89a8b9491451,89a8b9491451_Leaning_on_Desk_1779807336,1779807354.23,132,0.3705,0.5154,0.2046,0.2101,0.2973,-45.5332,163.7426,1,0.2825,-0.3871,-0.3705,-0.4314,-0.1936,45.5332,163.7426,1,0.9998,0.9963,0.9996,0.9695,0.1959,1,1,Leaning on Desk
89a8b9491451,89a8b9491451_Leaning_on_Desk_1779807336,1779807354.502,133,0.4957,0.3992,0.0826,0.0413,0.482,0.0,0.0,1,0.3026,-0.1704,-0.4957,-0.253,-0.4079,0.0,0.0,0,0.9998,0.9968,0.9997,0.9786,0.3229,2,1,Leaning on Desk
89a8b9491451,89a8b9491451_Leaning_on_Desk_1779807336,1779807354.781,134,0.5019,0.4963,0.0517,0.031,0.5747,-38.9261,153.0405,1,0.302,-0.0569,-0.5019,-0.1811,-0.3933,38.9261,153.0405,1,0.9999,0.9959,0.9998,0.9836,0.6272,2,1,Leaning on Desk
89a8b9491451,89a8b9491451_Leaning_on_Desk_1779807336,1779807355.06,135,0.3512,0.4775,0.254,0.0811,0.4726,-36.4473,161.9126,1,0.2892,-0.0162,-0.3512,-0.1891,-0.1729,36.4473,161.9126,1,0.9995,0.9933,0.9992,0.7072,0.7791,2,1,Leaning on Desk
89a8b9491451,89a8b9491451_Leaning_on_Desk_1779807336,1779807355.332,136,0.3283,0.425,0.2476,0.0969,0.4419,-35.195,167.8403,1,0.2903,0.0538,-0.3283,-0.0754,-0.1615,35.195,167.8403,1,0.9991,0.996,0.9985,0.5174,0.8744,2,1,Leaning on Desk
89a8b9491451,89a8b9491451_Leaning_on_Desk_1779807336,1779807355.604,137,0.3183,0.4471,0.2158,0.1025,0.3844,-34.4172,167.5394,1,0.2896,0.0863,-0.3183,-0.0108,-0.1457,34.4172,167.5394,1,0.9987,0.9975,0.9976,0.3624,0.926,2,1,Leaning on Desk
89a8b9491451,89a8b9491451_Leaning_on_Desk_1779807336,1779807355.868,138,0.3192,0.4462,0.2272,0.1136,0.3851,-36.0649,166.4954,1,0.2888,0.092,-0.3192,-0.0054,-0.1461,36.0649,166.4954,1,0.9986,0.9984,0.9975,0.2928,0.9542,2,1,Leaning on Desk
89a8b9491451,89a8b9491451_Leaning_on_Desk_1779807336,1779807356.145,139,0.3311,0.4458,0.235,0.1228,0.3535,-38.8151,166.2448,1,0.2926,0.1068,-0.3311,0.032,-0.1495,38.8151,166.2448,1,0.9987,0.9988,0.9977,0.2778,0.9682,2,1,Leaning on Desk
89a8b9491451,89a8b9491451_Leaning_on_Desk_1779807336,1779807356.42,140,0.3409,0.4564,0.245,0.1332,0.3623,-38.2593,166.3532,1,0.2933,0.1065,-0.3409,0.0266,-0.1598,38.2593,166.3532,1,0.9988,0.9989,0.9979,0.2526,0.9737,2,1,Leaning on Desk
89a8b9491451,89a8b9491451_Leaning_on_Desk_1779807336,1779807356.7,141,0.3722,0.4629,0.2158,0.0863,0.4417,-40.2477,166.0856,1,0.2896,0.0647,-0.3722,-0.0539,-0.2212,40.2477,166.0856,1,0.9991,0.9991,0.9984,0.2242,0.9745,2,1,Leaning on Desk
89a8b9491451,89a8b9491451_Leaning_on_Desk_1779807336,1779807356.972,142,0.5011,0.4606,0.167,0.0269,0.5249,-38.7401,160.2262,1,0.29,-0.0216,-0.5011,-0.1347,-0.3664,38.7401,160.2262,1,0.9993,0.9987,0.9989,0.1851,0.9512,1,1,Leaning on Desk
89a8b9491451,89a8b9491451_Leaning_on_Desk_1779807336,1779807357.234,143,0.5628,0.5722,0.0821,0.0117,2.0811,-40.059,166.9969,0,0.2665,-0.0762,-0.5628,-0.1817,-0.4573,40.059,166.9969,1,0.9987,0.996,0.9972,0.1434,0.581,1,1,Leaning on Desk
89a8b9491451,89a8b9491451_Looking_Away_1779807363,1779807366.871,144,0.6233,0.4327,0.0185,0.0741,5.0,-49.881,-139.7295,0,0.2532,-0.0309,-0.6233,0.1543,-0.5801,49.881,139.7295,1,0.999,0.9906,0.9955,0.1199,0.0805,0,0,Looking Away
89a8b9491451,89a8b9491451_Looking_Away_1779807363,1779807367.149,145,0.6195,0.4372,0.0184,0.0736,5.0,-49.8191,-139.7148,0,0.2547,-0.0307,-0.6195,0.1595,-0.5766,49.8191,139.7148,1,0.999,0.9905,0.9953,0.124,0.0817,0,0,Looking Away
89a8b9491451,89a8b9491451_Looking_Away_1779807363,1779807367.411,146,0.6195,0.4106,0.0184,0.0736,5.0,-53.1502,-138.1571,0,0.2547,-0.0368,-0.6195,0.1595,-0.5766,53.1502,138.1571,1,0.9989,0.9904,0.9951,0.1257,0.0802,0,0,Looking Away
89a8b9491451,89a8b9491451_Looking_Away_1779807363,1779807367.703,147,0.6378,0.3816,0.0245,0.0675,5.0,-55.4035,-133.3298,0,0.2548,-0.0368,-0.6378,0.184,-0.6133,55.4035,133.3298,1,0.9987,0.9895,0.9943,0.1225,0.0727,0,0,Looking Away
89a8b9491451,89a8b9491451_Looking_Away_1779807363,1779807367.976,148,0.644,0.3647,0.0245,0.0675,5.0,-58.247,-134.9677,0,0.2548,-0.0368,-0.644,0.1901,-0.6317,58.247,134.9677,1,0.9984,0.9884,0.9933,0.1108,0.0619,0,0,Looking Away
89a8b9491451,89a8b9491451_Looking_Away_1779807363,1779807368.236,149,0.644,0.3538,0.0245,0.0675,5.0,-59.66,-134.0068,0,0.2548,-0.0368,-0.644,0.1963,-0.6317,59.66,134.0068,1,0.9984,0.988,0.9932,0.104,0.0595,0,0,Looking Away
89a8b9491451,89a8b9491451_Looking_Away_1779807363,1779807368.507,150,0.6439,0.3426,0.0307,0.0675,5.0,-58.9499,-134.4075,0,0.2548,-0.0368,-0.6439,0.1962,-0.6316,58.9499,134.4075,1,0.9985,0.9878,0.9934,0.0999,0.0586,0,0,Looking Away
89a8b9491451,89a8b9491451_Looking_Away_1779807363,1779807368.764,151,0.6439,0.3173,0.0307,0.0613,5.0,-59.0433,-134.5758,0,0.2548,-0.0368,-0.6439,0.2024,-0.6316,59.0433,134.5758,1,0.9985,0.988,0.9939,0.097,0.0552,0,0,Looking Away
89a8b9491451,89a8b9491451_Looking_Away_1779807363,1779807369.033,152,0.6583,0.3076,0.0244,0.0549,5.0,-61.2347,-132.7964,0,0.2563,-0.0427,-0.6583,0.1951,-0.6583,61.2347,132.7964,1,0.9987,0.9879,0.9944,0.0885,0.0506,0,0,Looking Away
89a8b9491451,89a8b9491451_Looking_Away_1779807363,1779807369.299,153,0.6664,0.3328,0.0303,0.0485,5.0,-67.7255,-129.6443,0,0.2579,-0.0363,-0.6664,0.1999,-0.7027,67.7255,129.6443,1,0.9988,0.9878,0.9947,0.0792,0.0459,0,0,Looking Away
89a8b9491451,89a8b9491451_Looking_Away_1779807363,1779807369.562,154,0.6724,0.3045,0.0303,0.0485,5.0,-67.0513,-129.6129,0,0.2579,-0.0363,-0.6724,0.1939,-0.7269,67.0513,129.6129,1,0.999,0.9884,0.9953,0.0716,0.0408,0,0,Looking Away
89a8b9491451,89a8b9491451_Looking_Away_1779807363,1779807369.847,155,0.6744,0.282,0.0301,0.0482,5.0,-66.655,-130.2302,0,0.2595,-0.0421,-0.6744,0.1867,-0.7286,66.655,130.2302,1,0.9991,0.9898,0.9961,0.067,0.0368,0,0,Looking Away
89a8b9491451,89a8b9491451_Looking_Away_1779807363,1779807370.105,156,0.6744,0.2853,0.0301,0.0482,5.0,-65.5737,-129.446,0,0.2595,-0.0361,-0.6744,0.1867,-0.7286,65.5737,129.446,1,0.9992,0.9913,0.9965,0.0639,0.0349,0,0,Looking Away
89a8b9491451,89a8b9491451_Looking_Away_1779807363,1779807370.374,157,0.6805,0.255,0.0241,0.0422,5.0,-55.4696,-128.3498,0,0.2595,0.006,-0.6805,0.265,-0.7106,55.4696,128.3498,1,0.9992,0.9908,0.9966,0.0635,0.0343,0,0,Looking Away
89a8b9491451,89a8b9491451_Looking_Away_1779807363,1779807370.653,158,0.6385,0.216,0.1161,0.0129,5.0,0.0,0.0,0,0.2423,0.2902,-0.6385,0.5676,-0.516,0.0,0.0,0,0.9987,0.9907,0.9961,0.0969,0.04,0,0,Looking Away
89a8b9491451,89a8b9491451_Looking_Away_1779807363,1779807370.91,159,3.0103,-0.0488,0.669,0.0,5.0,0.0,0.0,0,0.042,2.49,-3.0103,3.9766,-2.2299,0.0,0.0,0,0.9979,0.9884,0.9963,0.1868,0.0556,0,0,Looking Away
89a8b9491451,89a8b9491451_Looking_Away_1779807363,1779807371.181,160,0.5525,0.0759,0.3271,0.0218,2.9665,0.0,0.0,0,0.215,0.4652,-0.5525,0.7415,-0.3707,0.0,0.0,0,0.9985,0.9891,0.9973,0.2265,0.0417,1,1,Looking Away
89a8b9491451,89a8b9491451_Looking_Away_1779807363,1779807371.485,161,0.5471,0.0702,0.3269,0.0284,2.7373,0.0,0.0,0,0.2199,0.4832,-0.5471,0.7745,-0.3908,0.0,0.0,0,0.999,0.9921,0.9982,0.2666,0.0329,1,1,Looking Away
89a8b9491451,89a8b9491451_Looking_Away_1779807363,1779807371.75,162,0.5202,0.0785,0.308,0.0205,2.6174,0.0,0.0,0,0.2283,0.4723,-0.5202,0.7392,-0.3559,0.0,0.0,0,0.9993,0.9941,0.9987,0.2866,0.0275,1,1,Looking Away
89a8b9491451,89a8b9491451_Looking_Away_1779807363,1779807372.027,163,0.6598,0.065,0.3138,0.008,3.2013,0.0,0.0,0,0.1942,0.5069,-0.6598,0.8529,-0.515,0.0,0.0,0,0.999,0.9901,0.9982,0.2397,0.0221,1,1,Looking Away
89a8b9491451,89a8b9491451_Looking_Away_1779807363,1779807372.279,164,2.3303,-0.1233,0.2305,0.0512,5.0,0.0,0.0,0,0.061,1.3316,-2.3303,2.5351,-1.9462,0.0,0.0,0,0.9987,0.9886,0.9983,0.1962,0.0609,0,0,Looking Away
89a8b9491451,89a8b9491451_Looking_Away_1779807363,1779807372.56,165,0.7919,0.0771,0.2324,0.0086,5.0,0.0,0.0,0,0.1815,0.4648,-0.7919,0.8779,-0.6714,0.0,0.0,0,0.9982,0.982,0.9975,0.1975,0.0652,0,0,Looking Away
89a8b9491451,89a8b9491451_Looking_Away_1779807363,1779807372.852,166,0.6451,0.1202,0.2394,0.0067,5.0,0.0,0.0,0,0.235,0.3591,-0.6451,0.6783,-0.5453,0.0,0.0,0,0.9981,0.9811,0.9964,0.1781,0.0404,0,0,Looking Away
89a8b9491451,89a8b9491451_Looking_Away_1779807363,1779807373.139,167,0.6749,0.3353,0.2169,0.0603,2.465,-75.0961,-154.6937,0,0.2593,0.1627,-0.6749,0.3013,-0.7412,75.0961,154.6937,1,0.9986,0.9868,0.9965,0.2064,0.0375,1,1,Looking Away
89a8b9491451,89a8b9491451_Looking_Away_1779807363,1779807373.421,168,0.6862,0.3052,0.1893,0.0473,2.3545,-94.5064,172.3548,0,0.2642,0.1065,-0.6862,0.1183,-0.7512,94.5064,172.3548,1,0.9992,0.9924,0.9979,0.2049,0.0505,1,1,Looking Away
89a8b9491451,89a8b9491451_Looking_Away_1779807363,1779807373.715,169,0.685,0.2695,0.1654,0.0532,2.3712,-94.4813,171.2932,0,0.2646,0.0945,-0.685,0.1122,-0.7559,94.4813,171.2932,1,0.9995,0.9955,0.9987,0.206,0.0543,1,1,Looking Away
89a8b9491451,89a8b9491451_Looking_Away_1779807363,1779807373.978,170,0.6798,0.2895,0.1596,0.0591,2.3618,-94.5087,171.6366,0,0.2643,0.0946,-0.6798,0.1123,-0.7507,94.5087,171.6366,1,0.9997,0.9972,0.9991,0.2155,0.0596,1,1,Looking Away
89a8b9491451,89a8b9491451_Looking_Away_1779807363,1779807374.253,171,0.6778,0.301,0.1605,0.0595,2.3708,-93.6104,171.9387,0,0.2628,0.0951,-0.6778,0.107,-0.7551,93.6104,171.9387,1,0.9998,0.998,0.9992,0.2271,0.0609,1,1,Looking Away
89a8b9491451,89a8b9491451_Looking_Away_1779807363,1779807374.525,172,0.6825,0.2733,0.1557,0.0659,2.3704,-93.5047,171.2134,0,0.261,0.0958,-0.6825,0.0898,-0.7663,93.5047,171.2134,1,0.9998,0.9985,0.9993,0.2304,0.061,1,1,Looking Away
89a8b9491451,89a8b9491451_Looking_Away_1779807363,1779807374.81,173,0.6825,0.3025,0.1557,0.0659,2.3808,-92.6725,168.4585,0,0.261,0.1018,-0.6825,0.0958,-0.7663,92.6725,168.4585,1,0.9998,0.9986,0.9992,0.2309,0.0586,1,1,Looking Away
89a8b9491451,89a8b9491451_Looking_Away_1779807363,1779807375.069,174,0.7148,0.3364,0.1489,0.0536,2.3801,-79.5407,143.0486,0,0.2623,0.0834,-0.7148,-0.0357,-0.7923,79.5407,143.0486,1,0.9998,0.9985,0.9993,0.2238,0.056,1,1,Looking Away
89a8b9491451,89a8b9491451_Looking_Away_1779807363,1779807375.322,175,0.728,0.2367,0.1372,0.0418,2.3254,-65.3556,128.8528,0,0.2619,0.0,-0.728,-0.1909,-0.7698,65.3556,128.8528,1,0.9997,0.9981,0.9992,0.2416,0.06,1,1,Looking Away
89a8b9491451,89a8b9491451_Looking_Away_1779807363,1779807375.579,176,0.7237,0.2925,0.1364,0.0415,2.2939,-62.9216,125.9138,0,0.2634,-0.0059,-0.7237,-0.2076,-0.7652,62.9216,125.9138,1,0.9995,0.9977,0.999,0.2278,0.0618,1,1,Looking Away
89a8b9491451,89a8b9491451_Looking_Away_1779807363,1779807375.831,177,0.7302,0.2516,0.1306,0.0416,2.319,-61.1858,124.7183,0,0.2632,-0.0059,-0.7302,-0.2018,-0.7718,61.1858,124.7183,1,0.9994,0.9973,0.9988,0.2433,0.0652,1,1,Looking Away
89a8b9491451,89a8b9491451_Looking_Away_1779807363,1779807376.099,178,0.7345,0.282,0.1314,0.0478,2.3327,-62.3806,124.4874,0,0.2616,0.0,-0.7345,-0.203,-0.7763,62.3806,124.4874,1,0.9993,0.9968,0.9985,0.2441,0.0637,1,1,Looking Away
89a8b9491451,89a8b9491451_Looking_Away_1779807363,1779807376.349,179,0.7345,0.2926,0.1314,0.0478,2.3309,-64.1991,125.3203,0,0.2616,0.006,-0.7345,-0.203,-0.7763,64.1991,125.3203,1,0.9991,0.9967,0.9983,0.259,0.0689,1,1,Looking Away
89a8b9491451,89a8b9491451_Looking_Away_1779807363,1779807376.633,180,0.7154,0.2182,0.1263,0.0361,2.2636,-50.4803,117.8517,0,0.2599,-0.0301,-0.7154,-0.2645,-0.7154,50.4803,117.8517,1,0.999,0.9969,0.9982,0.2665,0.0759,1,1,Looking Away
89a8b9491451,89a8b9491451_Looking_Away_1779807363,1779807376.908,181,0.6862,0.2022,0.0911,0.0121,2.1672,-30.4508,111.7359,0,0.2573,-0.1154,-0.6862,-0.3704,-0.6437,30.4508,111.7359,1,0.9987,0.9971,0.9979,0.2756,0.0892,1,1,Looking Away
89a8b9491451,89a8b9491451_Looking_Away_1779807363,1779807377.189,182,0.69,0.2004,0.0616,0.0123,2.1642,0.0,0.0,0,0.2536,-0.1602,-0.69,-0.4374,-0.6531,0.0,0.0,0,0.9967,0.9963,0.9946,0.2724,0.1062,1,1,Looking Away
89a8b9491451,89a8b9491451_Looking_Away_1779807363,1779807377.463,183,0.6881,0.197,0.062,0.0124,2.1576,0.0,0.0,0,0.252,-0.1736,-0.6881,-0.4525,-0.6447,0.0,0.0,0,0.9938,0.9949,0.99,0.2602,0.1096,1,1,Looking Away
89a8b9491451,89a8b9491451_Looking_Away_1779807363,1779807377.744,184,0.6972,0.1845,0.0503,0.0063,2.1839,0.0,0.0,0,0.2488,-0.1884,-0.6972,-0.4648,-0.6407,0.0,0.0,0,0.9923,0.9938,0.9878,0.233,0.1013,1,1,Looking Away
89a8b9491451,89a8b9491451_Looking_Away_1779807363,1779807378.024,185,0.6623,0.1996,0.013,0.013,5.0,0.0,0.0,0,0.2406,-0.2987,-0.6623,-0.5844,-0.5389,0.0,0.0,0,0.9923,0.9922,0.9874,0.1814,0.0909,0,0,Looking Away
89a8b9491451,89a8b9491451_Looking_Away_1779807363,1779807378.308,186,0.6454,0.1696,0.1473,0.0351,5.0,0.0,0.0,0,0.2227,-0.4419,-0.6454,-0.7155,-0.4981,0.0,0.0,0,0.993,0.9867,0.9871,0.1297,0.1334,0,0,Looking Away
89a8b9491451,89a8b9491451_Looking_Away_1779807363,1779807378.594,187,0.6239,0.1808,0.1865,0.0359,2.6266,0.0,0.0,0,0.2179,-0.4661,-0.6239,-0.7386,-0.4733,0.0,0.0,0,0.9937,0.9864,0.9875,0.1226,0.2723,1,1,Looking Away
89a8b9491451,89a8b9491451_Looking_Away_1779807363,1779807378.875,188,0.6194,0.1775,0.2017,0.036,2.5627,0.0,0.0,0,0.217,-0.4681,-0.6194,-0.7346,-0.4609,0.0,0.0,0,0.9949,0.9864,0.9892,0.1137,0.2962,1,1,Looking Away
89a8b9491451,89a8b9491451_Looking_Away_1779807363,1779807379.16,189,0.6194,0.1705,0.2017,0.036,2.6149,0.0,0.0,0,0.217,-0.4753,-0.6194,-0.7418,-0.4609,0.0,0.0,0,0.9963,0.9864,0.9915,0.1123,0.2752,1,1,Looking Away
89a8b9491451,89a8b9491451_Looking_Away_1779807363,1779807379.442,190,0.4762,0.1879,0.1905,0.0879,2.2696,0.0,0.0,0,0.2133,-0.5128,-0.4762,-0.7253,-0.2051,0.0,0.0,0,0.9955,0.9848,0.9879,0.1055,0.2776,1,1,Looking Away
89a8b9491451,89a8b9491451_Looking_Away_1779807363,1779807379.724,191,0.4055,0.1534,0.1548,0.0885,2.3068,0.0,0.0,0,0.2119,-0.553,-0.4055,-0.752,-0.1401,0.0,0.0,0,0.9919,0.9819,0.978,0.1005,0.2905,1,1,Looking Away
89a8b9491451,89a8b9491451_Looking_Away_1779807363,1779807379.999,192,0.4116,0.1601,0.1249,0.0808,2.4705,0.0,0.0,0,0.2126,-0.5439,-0.4116,-0.7349,-0.147,0.0,0.0,0,0.9938,0.9851,0.9833,0.1347,0.2899,1,1,Looking Away
89a8b9491451,89a8b9491451_Looking_Away_1779807363,1779807380.28,193,0.4156,0.1661,0.1039,0.0816,2.4787,0.0,0.0,0,0.2105,-0.5567,-0.4156,-0.7497,-0.1633,0.0,0.0,0,0.9957,0.9893,0.9888,0.1648,0.3005,1,1,Looking Away
89a8b9491451,89a8b9491451_Looking_Away_1779807363,1779807380.575,194,0.427,0.1675,0.1104,0.0883,2.483,0.0,0.0,0,0.2122,-0.5374,-0.427,-0.7362,-0.1767,0.0,0.0,0,0.9966,0.9917,0.9915,0.1827,0.3007,1,1,Looking Away
89a8b9491451,89a8b9491451_Looking_Away_1779807363,1779807380.866,195,0.3087,0.1795,0.0646,0.0862,2.0464,0.0,0.0,0,0.2176,-0.4595,-0.3087,-0.5887,0.0,0.0,0.0,0,0.9971,0.9935,0.9929,0.188,0.3044,1,1,Looking Away
89a8b9491451,89a8b9491451_Looking_Away_1779807363,1779807381.152,196,0.2648,0.1938,0.0199,0.0861,1.8864,0.0,0.0,0,0.236,-0.3774,-0.2648,-0.5098,0.0132,0.0,0.0,0,0.9966,0.994,0.9922,0.1901,0.2847,1,1,Looking Away
89a8b9491451,89a8b9491451_Looking_Away_1779807363,1779807381.451,197,0.2828,0.2066,0.0263,0.0921,1.6121,0.0,0.0,0,0.2376,-0.3749,-0.2828,-0.5064,-0.0132,0.0,0.0,0,0.996,0.994,0.9913,0.1867,0.278,1,1,Looking Away
89a8b9491451,89a8b9491451_Looking_Away_1779807363,1779807381.713,198,0.2894,0.2217,0.0263,0.0855,1.7297,0.0,0.0,0,0.2376,-0.3749,-0.2894,-0.5064,-0.0132,0.0,0.0,0,0.9953,0.9939,0.9902,0.1813,0.261,1,1,Looking Away
89a8b9491451,89a8b9491451_Looking_Away_1779807363,1779807381.993,199,0.279,0.4632,0.0389,0.1363,1.7565,0.0,0.0,0,0.2408,-0.2531,-0.279,-0.292,0.0,0.0,0.0,0,0.9952,0.9936,0.9898,0.1745,0.2282,1,1,Looking Away
89a8b9491451,89a8b9491451_Looking_Away_1779807363,1779807382.276,200,0.2326,0.4828,0.0251,0.0943,5.0,0.0,0.0,0,0.2485,-0.1069,-0.2326,-0.1446,0.0251,0.0,0.0,0,0.9964,0.9944,0.9918,0.187,0.1906,0,0,Looking Away
89a8b9491451,89a8b9491451_Looking_Away_1779807363,1779807382.555,201,0.2344,0.5698,0.037,0.0864,1.1567,0.0,0.0,0,0.2533,-0.0555,-0.2344,-0.0493,0.0062,0.0,0.0,0,0.9961,0.9934,0.9914,0.2204,0.2291,2,1,Looking Away
89a8b9491451,89a8b9491451_Looking_Away_1779807363,1779807382.838,202,0.2311,0.5637,0.0375,0.0812,1.4576,0.0,0.0,0,0.2502,-0.0625,-0.2311,-0.0749,0.0125,0.0,0.0,0,0.9961,0.9941,0.9907,0.2456,0.2386,2,1,Looking Away
89a8b9491451,89a8b9491451_Looking_Away_1779807363,1779807383.118,203,0.3309,0.2372,0.0445,0.0382,1.6816,0.0,0.0,0,0.2456,-0.2482,-0.3309,-0.4263,-0.1145,0.0,0.0,0,0.9968,0.9954,0.9926,0.2752,0.2269,2,1,Looking Away
89a8b9491451,89a8b9491451_Looking_Away_1779807363,1779807383.41,204,0.3877,0.1749,0.0204,0.0476,1.4185,0.0,0.0,0,0.2297,-0.4421,-0.3877,-0.5985,-0.136,0.0,0.0,0,0.9952,0.9906,0.9906,0.2476,0.3119,2,1,Looking Away
89a8b9491451,89a8b9491451_Looking_Away_1779807363,1779807383.687,205,0.3973,0.1761,0.0,0.0822,1.9379,0.0,0.0,0,0.2281,-0.4452,-0.3973,-0.5959,-0.1575,0.0,0.0,0,0.9933,0.9902,0.9861,0.1951,0.3501,1,1,Looking Away
89a8b9491451,89a8b9491451_Looking_Away_1779807363,1779807383.938,206,0.4096,0.1665,0.0208,0.0694,1.6912,0.0,0.0,0,0.225,-0.4652,-0.4096,-0.6318,-0.1805,0.0,0.0,0,0.9925,0.9881,0.9849,0.1681,0.3545,1,1,Looking Away
89a8b9491451,89a8b9491451_Looking_Away_1779807363,1779807384.188,207,0.454,0.1883,0.0489,0.0489,1.9573,0.0,0.0,0,0.2237,-0.468,-0.454,-0.6496,-0.2445,0.0,0.0,0,0.9921,0.9861,0.9851,0.1628,0.3673,1,1,Looking Away
89a8b9491451,89a8b9491451_Looking_Away_1779807363,1779807384.454,208,1.0463,-0.1919,0.1033,0.0388,2.3406,0.0,0.0,0,0.121,-0.8009,-1.0463,-1.2013,-0.8009,0.0,0.0,0,0.9937,0.9871,0.9885,0.1298,0.2986,1,1,Looking Away
89a8b9491451,89a8b9491451_Looking_Away_1779807363,1779807384.715,209,1.0585,0.1161,0.1936,0.0258,3.8006,0.0,0.0,0,0.121,-0.5293,-1.0585,-0.9294,-0.8907,0.0,0.0,0,0.9959,0.9912,0.9934,0.1525,0.3625,1,1,Looking Away
89a8b9491451,89a8b9491451_Looking_Away_1779807363,1779807384.97,210,1.0306,0.1254,0.2609,0.0261,3.9498,0.0,0.0,0,0.1198,-0.5088,-1.0306,-0.861,-0.874,0.0,0.0,0,0.9974,0.9942,0.9962,0.161,0.4553,1,1,Looking Away
89a8b9491451,89a8b9491451_Looking_Away_1779807363,1779807385.245,211,1.0038,0.1174,0.3011,0.0376,4.1317,0.0,0.0,0,0.1245,-0.5019,-1.0038,-0.8281,-0.8407,0.0,0.0,0,0.9982,0.9946,0.9975,0.1597,0.4499,1,1,Looking Away
89a8b9491451,89a8b9491451_Looking_Away_1779807363,1779807385.536,212,0.9888,0.1311,0.2989,0.0345,4.0569,0.0,0.0,0,0.1359,-0.4369,-0.9888,-0.7933,-0.9083,0.0,0.0,0,0.9985,0.9922,0.998,0.13,0.3959,1,1,Looking Away
89a8b9491451,89a8b9491451_Looking_Away_1779807363,1779807385.802,213,0.9169,0.258,0.2187,0.0168,3.3327,0.0,0.0,0,0.1857,-0.1598,-0.9169,-0.4963,-0.959,0.0,0.0,0,0.9991,0.9939,0.9987,0.1603,0.3302,1,1,Looking Away
89a8b9491451,89a8b9491451_Looking_Away_1779807363,1779807386.057,214,0.8407,0.3116,0.0712,0.0356,2.572,-77.2336,122.7322,0,0.2193,-0.0997,-0.8407,-0.3847,-0.8906,77.2336,122.7322,1,0.9991,0.9956,0.9986,0.2029,0.2644,2,1,Looking Away
89a8b9491451,89a8b9491451_Looking_Away_1779807363,1779807386.332,215,0.7806,0.2725,0.0065,0.0387,5.0,-59.7202,119.6063,0,0.2422,-0.0581,-0.7806,-0.3226,-0.8129,59.7202,119.6063,1,0.9994,0.9972,0.9991,0.1871,0.1716,0,0,Looking Away
89a8b9491451,89a8b9491451_Looking_Away_1779807363,1779807386.6,216,0.7784,0.2823,0.0127,0.0443,5.0,-56.2653,121.3185,0,0.2469,-0.057,-0.7784,-0.3228,-0.7974,56.2653,121.3185,1,0.9995,0.9977,0.9993,0.1917,0.1262,0,0,Looking Away
89a8b9491451,89a8b9491451_Looking_Away_1779807363,1779807386.877,217,0.7181,0.2585,0.0437,0.0312,5.0,-44.959,126.1232,0,0.2502,-0.1374,-0.7181,-0.3996,-0.6556,44.959,126.1232,1,0.9996,0.9979,0.9994,0.179,0.1017,0,0,Looking Away
89a8b9491451,89a8b9491451_Looking_Away_1779807363,1779807387.165,218,0.6237,0.2231,0.1059,0.0177,5.0,-36.5092,125.9652,0,0.2656,-0.2177,-0.6237,-0.4884,-0.5354,36.5092,125.9652,1,0.9991,0.9976,0.9986,0.1732,0.0907,0,0,Looking Away
89a8b9491451,89a8b9491451_Looking_Away_1779807363,1779807387.424,219,0.6091,0.3164,0.1092,0.0172,5.0,-31.7333,125.3399,0,0.2719,-0.2298,-0.6091,-0.4941,-0.5171,31.7333,125.3399,1,0.9983,0.9959,0.997,0.1524,0.077,0,0,Looking Away
89a8b9491451,89a8b9491451_Looking_Away_1779807363,1779807387.717,220,0.6197,0.2823,0.1205,0.0287,5.0,-31.7362,127.1299,0,0.2723,-0.2238,-0.6197,-0.5107,-0.5279,31.7362,127.1299,1,0.998,0.9935,0.9964,0.1498,0.0741,0,0,Looking Away
89a8b9491451,89a8b9491451_Looking_Away_1779807363,1779807387.987,221,0.6197,0.2615,0.1205,0.0287,5.0,-31.6821,126.0449,0,0.2723,-0.2238,-0.6197,-0.5164,-0.5279,31.6821,126.0449,1,0.9979,0.9923,0.9961,0.1426,0.0717,0,0,Looking Away
89a8b9491451,89a8b9491451_Looking_Away_1779807363,1779807388.254,222,0.6496,0.4928,0.111,0.0167,5.0,-53.4987,155.0895,0,0.2814,-0.111,-0.6496,-0.2832,-0.5885,53.4987,155.0895,1,0.9984,0.9928,0.9968,0.1756,0.0778,0,0,Looking Away
89a8b9491451,89a8b9491451_Looking_Away_1779807363,1779807388.542,223,0.6588,0.4998,0.1366,0.0293,5.0,-76.2024,-161.9367,0,0.3202,0.1122,-0.6588,0.2001,-0.6929,76.2024,161.9367,1,0.999,0.9873,0.9979,0.1464,0.0505,0,0,Looking Away
89a8b9491451,89a8b9491451_Looking_Away_1779807363,1779807388.824,224,0.6564,0.3964,0.1998,0.0476,5.0,-70.8019,-156.0684,0,0.3285,0.1712,-0.6564,0.2521,-0.6849,70.8019,156.0684,1,0.9994,0.9874,0.9984,0.1346,0.0334,0,0,Looking Away
89a8b9491451,89a8b9491451_Looking_Away_1779807363,1779807389.104,225,0.6403,0.3277,0.2024,0.0565,5.0,-70.0537,-156.3178,0,0.3319,0.1742,-0.6403,0.2825,-0.6733,70.0537,156.3178,1,0.9996,0.9895,0.9988,0.1455,0.0263,0,0,Looking Away
89a8b9491451,89a8b9491451_Looking_Away_1779807363,1779807389.371,226,0.6356,0.3397,0.2024,0.0659,5.0,-67.8579,-151.9784,0,0.3319,0.1789,-0.6356,0.2872,-0.6638,67.8579,151.9784,1,0.9997,0.9918,0.9991,0.1776,0.0261,0,0,Looking Away
89a8b9491451,89a8b9491451_Looking_Away_1779807363,1779807389.647,227,0.5687,0.1992,0.2007,0.0478,5.0,-56.1744,-135.6959,0,0.327,0.2724,-0.5687,0.5161,-0.5209,56.1744,135.6959,1,0.9998,0.9926,0.9993,0.1819,0.0224,0,0,Looking Away
89a8b9491451,89a8b9491451_Looking_Away_1779807363,1779807389.92,228,0.4209,0.0875,0.259,0.0162,2.5286,-29.3393,-119.0955,0,0.2896,0.4964,-0.4209,0.7716,-0.2698,29.3393,119.0955,1,0.9997,0.9924,0.9992,0.2166,0.0172,1,1,Looking Away
89a8b9491451,89a8b9491451_Looking_Away_1779807363,1779807390.189,229,0.4616,0.0811,0.2725,0.0278,2.6301,-32.9271,-119.8355,0,0.2809,0.5117,-0.4616,0.8009,-0.3226,32.9271,119.8355,1,0.9996,0.9915,0.9989,0.2889,0.0138,1,1,Looking Away
89a8b9491451,89a8b9491451_Looking_Away_1779807363,1779807390.474,230,0.464,0.084,0.2762,0.0331,2.6044,-31.6872,-118.3264,0,0.2829,0.5137,-0.464,0.7899,-0.3259,31.6872,118.3264,1,0.9996,0.9905,0.9986,0.3119,0.0125,1,1,Looking Away
89a8b9491451,89a8b9491451_Looking_Away_1779807363,1779807390.751,231,0.4943,0.095,0.2933,0.0598,2.5585,-38.4732,-123.657,0,0.2877,0.4508,-0.4943,0.7061,-0.3476,38.4732,123.657,1,0.9996,0.992,0.9987,0.3053,0.0143,1,1,Looking Away
89a8b9491451,89a8b9491451_Looking_Away_1779807363,1779807391.02,232,0.553,0.1759,0.2822,0.079,2.5059,-19.5067,-118.4222,0,0.2769,0.3837,-0.553,0.5982,-0.4007,19.5067,118.4222,1,0.9996,0.9946,0.9989,0.2634,0.0263,1,1,Looking Away
89a8b9491451,89a8b9491451_Looking_Away_1779807363,1779807391.326,233,0.5658,0.1883,0.2091,0.0615,2.6704,-17.2206,-117.2072,0,0.2541,0.3444,-0.5658,0.5904,-0.4121,17.2206,117.2072,1,0.9997,0.9963,0.9992,0.2091,0.038,1,1,Looking Away
89a8b9491451,89a8b9491451_Looking_Away_1779807363,1779807391.592,234,0.5822,0.2197,0.1961,0.0613,5.0,-19.7412,-121.8125,0,0.255,0.3003,-0.5822,0.5148,-0.4535,19.7412,121.8125,1,0.9996,0.9966,0.999,0.1743,0.0409,0,0,Looking Away
89a8b9491451,89a8b9491451_Looking_Away_1779807363,1779807391.858,235,0.5984,0.3129,0.1832,0.0488,5.0,-33.991,-131.7657,0,0.2559,0.2565,-0.5984,0.458,-0.4946,33.991,131.7657,1,0.9994,0.9958,0.9985,0.1522,0.0369,0,0,Looking Away
89a8b9491451,89a8b9491451_Looking_Away_1779807363,1779807392.127,236,0.6071,0.4224,0.1547,0.0655,5.0,-43.751,-151.6592,0,0.2625,0.2024,-0.6071,0.3571,-0.5356,43.751,151.6592,1,0.9994,0.9955,0.9981,0.1304,0.0448,0,0,Looking Away
89a8b9491451,89a8b9491451_Looking_Away_1779807363,1779807392.396,237,0.5568,0.4176,0.1336,0.0223,5.0,-42.0607,-148.1004,0,0.2806,0.1893,-0.5568,0.3452,-0.451,42.0607,148.1004,1,0.9993,0.9963,0.9978,0.1187,0.0502,0,0,Looking Away
d0d57992a794,d0d57992a794_Focused_1779807534,1779807537.693,0,0.651,0.4557,0.0104,0.0156,5.0,-49.2267,177.4386,0,0.3,-0.0156,-0.651,-0.0469,-0.6302,49.2267,177.4386,1,0.9998,0.999,0.9994,0.0827,0.0776,0,0,Focused
d0d57992a794,d0d57992a794_Focused_1779807534,1779807537.956,1,0.651,0.4472,0.0052,0.0156,5.0,-49.7278,177.4175,0,0.3,-0.0156,-0.651,-0.0469,-0.6302,49.7278,177.4175,1,0.9999,0.9992,0.9995,0.0811,0.0784,0,0,Focused
d0d57992a794,d0d57992a794_Focused_1779807534,1779807538.224,2,0.6544,0.492,0.0105,0.0157,5.0,-49.6487,177.5475,0,0.2985,-0.0105,-0.6544,-0.0419,-0.6335,49.6487,177.5475,1,0.9998,0.9991,0.9994,0.0821,0.0751,0,0,Focused
d0d57992a794,d0d57992a794_Focused_1779807534,1779807538.488,3,0.6544,0.4613,0.0105,0.0157,5.0,-49.4695,177.4971,0,0.2985,-0.0105,-0.6544,-0.0419,-0.6335,49.4695,177.4971,1,0.9998,0.9991,0.9994,0.082,0.0769,0,0,Focused
d0d57992a794,d0d57992a794_Focused_1779807534,1779807538.76,4,0.651,0.4718,0.0104,0.0156,5.0,-49.7227,177.6609,0,0.3,-0.0156,-0.651,-0.0417,-0.6302,49.7227,177.6609,1,0.9999,0.9991,0.9995,0.0778,0.0737,0,0,Focused
d0d57992a794,d0d57992a794_Focused_1779807534,1779807539.034,5,0.6544,0.4951,0.0105,0.0157,5.0,-49.6884,178.0157,0,0.2985,-0.0105,-0.6544,-0.0314,-0.6335,49.6884,178.0157,1,0.9998,0.999,0.9994,0.0733,0.0718,0,0,Focused
d0d57992a794,d0d57992a794_Focused_1779807534,1779807539.294,6,0.6577,0.5094,0.0053,0.0107,5.0,-49.9022,178.4367,0,0.2922,-0.0053,-0.6577,-0.016,-0.6417,49.9022,178.4367,1,0.9998,0.9988,0.9993,0.0811,0.0747,0,0,Focused
d0d57992a794,d0d57992a794_Focused_1779807534,1779807539.55,7,0.6523,0.5047,0.016,0.0214,5.0,-51.1884,177.8939,0,0.2922,-0.0053,-0.6523,-0.016,-0.6202,51.1884,177.8939,1,0.9998,0.9988,0.9992,0.0843,0.0789,0,0,Focused
d0d57992a794,d0d57992a794_Focused_1779807534,1779807539.814,8,0.6522,0.4858,0.0267,0.0267,5.0,-50.7671,177.0016,0,0.2923,-0.0053,-0.6522,-0.0267,-0.5987,50.7671,177.0016,1,0.9997,0.9989,0.9991,0.0789,0.0778,0,0,Focused
d0d57992a794,d0d57992a794_Focused_1779807534,1779807540.074,9,0.6518,0.5039,0.0427,0.016,5.0,-51.7564,177.6471,0,0.2925,0.0,-0.6518,-0.0267,-0.5984,51.7564,177.6471,1,0.9997,0.9986,0.9988,0.0726,0.0834,0,0,Focused
d0d57992a794,d0d57992a794_Focused_1779807534,1779807540.344,10,0.6511,0.5021,0.0723,0.0103,5.0,-52.2465,178.184,0,0.3024,-0.0052,-0.6511,-0.0362,-0.6098,52.2465,178.184,1,0.9996,0.998,0.9985,0.0584,0.0664,0,0,Focused
d0d57992a794,d0d57992a794_Focused_1779807534,1779807540.623,11,0.6351,0.5196,0.0744,0.005,5.0,-48.8914,177.8373,0,0.3149,-0.0198,-0.6351,-0.0546,-0.6003,48.8914,177.8373,1,0.9996,0.9978,0.9988,0.0468,0.0546,0,0,Focused
d0d57992a794,d0d57992a794_Focused_1779807534,1779807540.902,12,0.6186,0.4799,0.0719,0.0096,5.0,-48.2192,177.8545,0,0.3258,-0.024,-0.6186,-0.0527,-0.585,48.2192,177.8545,1,0.9997,0.9976,0.9989,0.0351,0.0484,0,0,Focused
d0d57992a794,d0d57992a794_Focused_1779807534,1779807541.179,13,0.6096,0.5408,0.0756,0.0142,5.0,-47.1136,176.9321,0,0.3306,-0.0236,-0.6096,-0.0662,-0.5624,47.1136,176.9321,1,0.9997,0.9977,0.9991,0.0339,0.0588,0,0,Focused
d0d57992a794,d0d57992a794_Focused_1779807534,1779807541.46,14,0.6002,0.578,0.0756,0.0142,5.0,-46.4569,177.1252,0,0.3306,-0.0236,-0.6002,-0.0709,-0.5482,46.4569,177.1252,1,0.9997,0.9974,0.999,0.0378,0.0799,0,0,Focused
d0d57992a794,d0d57992a794_Focused_1779807534,1779807541.752,15,0.5954,0.5781,0.0756,0.0189,5.0,-46.7479,177.5371,0,0.3306,-0.0236,-0.5954,-0.0709,-0.5482,46.7479,177.5371,1,0.9997,0.9971,0.9989,0.0393,0.0891,0,0,Focused
d0d57992a794,d0d57992a794_Focused_1779807534,1779807542.021,16,0.5846,0.4763,0.0659,0.0044,5.0,-46.0514,179.2595,0,0.3555,-0.0396,-0.5846,-0.0835,-0.5407,46.0514,179.2595,1,0.9998,0.9974,0.9991,0.0338,0.0803,0,0,Focused
d0d57992a794,d0d57992a794_Focused_1779807534,1779807542.309,17,0.549,0.4445,0.0854,0.0041,5.0,-45.4028,177.5379,0,0.3842,-0.0366,-0.549,-0.0813,-0.4961,45.4028,177.5379,1,0.9998,0.9979,0.9994,0.0258,0.0618,0,0,Focused
d0d57992a794,d0d57992a794_Focused_1779807534,1779807542.583,18,0.5274,0.4935,0.0814,0.0039,5.0,-43.9511,178.1806,0,0.4029,-0.0427,-0.5274,-0.0776,-0.4693,43.9511,178.1806,1,0.9999,0.9983,0.9996,0.023,0.0529,0,0,Focused
d0d57992a794,d0d57992a794_Focused_1779807534,1779807542.876,19,0.5173,0.6165,0.0837,0.0038,5.0,-43.4205,178.1111,0,0.4108,-0.0456,-0.5173,-0.0799,-0.4602,43.4205,178.1111,1,0.9999,0.9986,0.9997,0.0213,0.0462,0,0,Focused
d0d57992a794,d0d57992a794_Focused_1779807534,1779807543.17,20,0.5156,0.6209,0.0802,0.0038,5.0,-43.0007,178.014,0,0.4091,-0.042,-0.5156,-0.0802,-0.4545,43.0007,178.014,1,0.9999,0.9986,0.9997,0.0228,0.0447,0,0,Focused
d0d57992a794,d0d57992a794_Focused_1779807534,1779807543.436,21,0.51,0.6272,0.0761,0.0038,5.0,-42.972,178.3353,0,0.4106,-0.0457,-0.51,-0.0761,-0.4529,42.972,178.3353,1,0.9999,0.9985,0.9997,0.0226,0.0453,0,0,Focused
d0d57992a794,d0d57992a794_Focused_1779807534,1779807543.694,22,0.5092,0.6649,0.0836,0.0,5.0,-42.4643,177.9443,0,0.4296,-0.0509,-0.5092,-0.0764,-0.4364,42.4643,177.9443,1,0.9999,0.9985,0.9997,0.0236,0.0527,0,0,Focused
d0d57992a794,d0d57992a794_Focused_1779807534,1779807543.978,23,0.4567,0.7605,0.0767,0.0174,5.0,-40.0245,177.2955,0,0.4482,-0.0558,-0.4567,-0.0732,-0.3347,40.0245,177.2955,1,0.9999,0.9987,0.9998,0.0221,0.0467,0,0,Focused
d0d57992a794,d0d57992a794_Focused_1779807534,1779807544.25,24,0.4457,0.7887,0.0783,0.0102,5.0,-40.1115,177.5806,0,0.4592,-0.051,-0.4457,-0.0681,-0.3266,40.1115,177.5806,1,1.0,0.9988,0.9999,0.0251,0.0427,0,0,Focused
d0d57992a794,d0d57992a794_Focused_1779807534,1779807544.518,25,0.4461,0.7567,0.0777,0.0068,5.0,-41.4547,177.0301,0,0.4623,-0.0507,-0.4461,-0.0777,-0.3346,41.4547,177.0301,1,1.0,0.9988,0.9999,0.0266,0.0388,0,0,Focused
d0d57992a794,d0d57992a794_Focused_1779807534,1779807544.771,26,0.5353,0.6899,0.0579,0.0072,5.0,-45.3569,178.9956,0,0.432,-0.0398,-0.5353,-0.0904,-0.4919,45.3569,178.9956,1,1.0,0.9988,0.9999,0.0261,0.038,0,0,Focused
d0d57992a794,d0d57992a794_Focused_1779807534,1779807545.052,27,0.6016,0.5925,0.0216,0.0043,5.0,-55.521,177.7893,0,0.361,-0.013,-0.6016,-0.0476,-0.5756,55.521,177.7893,1,0.9998,0.9983,0.9995,0.0248,0.0475,0,0,Focused
d0d57992a794,d0d57992a794_Focused_1779807534,1779807545.317,28,0.6327,0.5297,0.0193,0.0048,5.0,-55.7824,178.6111,0,0.3235,-0.0048,-0.6327,0.0,-0.6086,55.7824,178.6111,1,0.9998,0.9985,0.9994,0.0339,0.0559,0,0,Focused
d0d57992a794,d0d57992a794_Focused_1779807534,1779807545.576,29,0.6459,0.4956,0.0256,0.0103,5.0,-55.1331,178.4384,0,0.3048,-0.0051,-0.6459,-0.0205,-0.6203,55.1331,178.4384,1,0.9998,0.9988,0.9994,0.0596,0.0828,0,0,Focused
d0d57992a794,d0d57992a794_Focused_1779807534,1779807545.833,30,0.6666,0.4272,0.0106,0.0053,5.0,-54.8513,179.274,0,0.2953,0.0,-0.6666,-0.0212,-0.6402,54.8513,179.274,1,0.9999,0.9991,0.9996,0.0648,0.0867,0,0,Focused
d0d57992a794,d0d57992a794_Focused_1779807534,1779807546.117,31,0.6613,0.3732,0.0106,0.0,5.0,-55.4185,179.5861,0,0.2953,-0.0053,-0.6613,-0.0265,-0.6402,55.4185,179.5861,1,0.9999,0.9992,0.9997,0.0703,0.0854,0,0,Focused
d0d57992a794,d0d57992a794_Focused_1779807534,1779807546.397,32,0.6648,0.4893,0.0108,0.0,5.0,-55.4167,179.4893,0,0.2891,-0.0054,-0.6648,-0.0216,-0.6324,55.4167,179.4893,1,0.9999,0.9992,0.9996,0.0816,0.0958,0,0,Focused
d0d57992a794,d0d57992a794_Focused_1779807534,1779807546.658,33,0.663,0.4272,0.0163,0.0054,5.0,-53.7664,-178.6727,0,0.2875,-0.0054,-0.663,-0.0272,-0.6358,53.7664,178.6727,1,0.9998,0.9991,0.9995,0.083,0.0958,0,0,Focused
d0d57992a794,d0d57992a794_Focused_1779807534,1779807546.918,34,0.6627,0.4186,0.0326,0.0109,5.0,-52.0725,-176.1356,0,0.2877,0.0,-0.6627,0.0109,-0.6192,52.0725,176.1356,1,0.9998,0.999,0.9995,0.0795,0.0963,0,0,Focused
d0d57992a794,d0d57992a794_Focused_1779807534,1779807547.188,35,0.6587,0.3812,0.0486,0.0162,5.0,-51.1773,-175.2954,0,0.2894,0.0216,-0.6587,0.0324,-0.6155,51.1773,175.2954,1,0.9999,0.9991,0.9995,0.0818,0.0962,0,0,Focused
d0d57992a794,d0d57992a794_Focused_1779807534,1779807547.455,36,0.6601,0.3882,0.059,0.0161,5.0,-50.6373,-175.7295,0,0.2911,0.0215,-0.6601,0.0376,-0.6118,50.6373,175.7295,1,0.9999,0.9992,0.9995,0.0841,0.0958,0,0,Focused
d0d57992a794,d0d57992a794_Focused_1779807534,1779807547.74,37,0.6562,0.3858,0.0694,0.0213,5.0,-49.9021,-174.7963,0,0.2929,0.0373,-0.6562,0.064,-0.6082,49.9021,174.7963,1,0.9999,0.9992,0.9995,0.0845,0.0935,0,0,Focused
d0d57992a794,d0d57992a794_Focused_1779807534,1779807548.011,38,0.6338,0.3573,0.0905,0.0151,5.0,-49.1527,-173.6937,0,0.3107,0.0453,-0.6338,0.0855,-0.5935,49.1527,173.6937,1,0.9999,0.9992,0.9996,0.0658,0.0722,0,0,Focused
d0d57992a794,d0d57992a794_Focused_1779807534,1779807548.283,39,0.5821,0.4702,0.0986,0.0094,5.0,-44.9754,-173.0028,0,0.3329,0.0376,-0.5821,0.0704,-0.521,44.9754,173.0028,1,0.9999,0.999,0.9996,0.0537,0.0559,0,0,Focused
d0d57992a794,d0d57992a794_Focused_1779807534,1779807548.549,40,0.5561,0.5499,0.0942,0.0045,5.0,-43.0079,-173.3161,0,0.3484,0.0359,-0.5561,0.0718,-0.4754,43.0079,173.3161,1,0.9999,0.9988,0.9996,0.0433,0.0488,0,0,Focused
d0d57992a794,d0d57992a794_Focused_1779807534,1779807548.821,41,0.5465,0.5357,0.0882,0.0044,5.0,-42.5938,-172.9051,0,0.3545,0.0309,-0.5465,0.0661,-0.4672,42.5938,172.9051,1,0.9999,0.9988,0.9996,0.0381,0.0477,0,0,Focused
d0d57992a794,d0d57992a794_Focused_1779807534,1779807549.099,42,0.5372,0.5373,0.0917,0.0087,5.0,-44.1496,-172.9901,0,0.3578,0.0306,-0.5372,0.0611,-0.463,44.1496,172.9901,1,0.9999,0.9986,0.9995,0.0322,0.0468,0,0,Focused
d0d57992a794,d0d57992a794_Focused_1779807534,1779807549.377,43,0.5265,0.5854,0.1095,0.0253,5.0,-43.3833,-172.9811,0,0.371,0.0463,-0.5265,0.0758,-0.4507,43.3833,172.9811,1,0.9998,0.9985,0.9995,0.0331,0.0467,0,0,Focused
d0d57992a794,d0d57992a794_Focused_1779807534,1779807549.666,44,0.4483,0.5599,0.1201,0.024,5.0,-38.0719,-173.7859,0,0.3903,0.06,-0.4483,0.0961,-0.3363,38.0719,173.7859,1,0.9999,0.9989,0.9996,0.0391,0.0435,0,0,Focused
d0d57992a794,d0d57992a794_Focused_1779807534,1779807549.948,45,0.4174,0.5596,0.1159,0.0077,5.0,-36.8485,-172.7239,0,0.4043,0.058,-0.4174,0.1082,-0.2976,36.8485,172.7239,1,0.9999,0.9992,0.9997,0.0378,0.0436,0,0,Focused
d0d57992a794,d0d57992a794_Focused_1779807534,1779807550.229,46,0.4317,0.7063,0.125,0.0151,5.0,-38.658,176.7557,0,0.4126,0.0189,-0.4317,-0.0038,-0.3181,38.658,176.7557,1,0.9999,0.9995,0.9998,0.0369,0.0415,0,0,Focused
d0d57992a794,d0d57992a794_Focused_1779807534,1779807550.487,47,0.439,0.7025,0.1153,0.0186,5.0,-40.2522,169.6141,0,0.42,-0.0186,-0.439,-0.0818,-0.3311,40.2522,169.6141,1,1.0,0.9995,0.9999,0.0378,0.0377,0,0,Focused
d0d57992a794,d0d57992a794_Focused_1779807534,1779807550.754,48,0.4427,0.7536,0.0988,0.0256,5.0,-40.0258,167.3263,0,0.4271,-0.0366,-0.4427,-0.1171,-0.3256,40.0258,167.3263,1,0.9999,0.9994,0.9998,0.0386,0.0375,0,0,Focused
d0d57992a794,d0d57992a794_Focused_1779807534,1779807551.031,49,0.4513,0.7143,0.1064,0.0257,5.0,-38.9955,168.3708,0,0.4259,-0.0404,-0.4513,-0.1174,-0.3486,38.9955,168.3708,1,0.9999,0.9993,0.9998,0.0453,0.0452,0,0,Focused
d0d57992a794,d0d57992a794_Focused_1779807534,1779807551.309,50,0.5051,0.7159,0.1091,0.0202,5.0,-45.6157,170.4979,0,0.3867,-0.0364,-0.5051,-0.1333,-0.4445,45.6157,170.4979,1,0.9998,0.9988,0.9995,0.0604,0.0533,0,0,Focused
d0d57992a794,d0d57992a794_Focused_1779807534,1779807551.602,51,0.5831,0.6507,0.0574,0.0177,5.0,-53.0401,169.9207,0,0.3537,-0.0265,-0.5831,-0.0928,-0.5433,53.0401,169.9207,1,0.9997,0.9984,0.9991,0.0475,0.0614,0,0,Focused
d0d57992a794,d0d57992a794_Focused_1779807534,1779807551.866,52,0.6273,0.5332,0.0483,0.0241,5.0,-55.7158,172.6645,0,0.3238,-0.0193,-0.6273,-0.0627,-0.5983,55.7158,172.6645,1,0.9997,0.9986,0.9991,0.0463,0.0632,0,0,Focused
d0d57992a794,d0d57992a794_Focused_1779807534,1779807552.143,53,0.6391,0.4209,0.0406,0.0254,5.0,-54.7825,174.0595,0,0.3081,-0.0456,-0.6391,-0.0913,-0.6137,54.7825,174.0595,1,0.9996,0.9987,0.9989,0.0501,0.0639,0,0,Focused
d0d57992a794,d0d57992a794_Slouching_1779807555,1779807558.522,54,0.1652,0.469,0.013,0.0348,5.0,0.0,0.0,0,0.3594,-0.1174,-0.1652,-0.1565,0.0956,0.0,0.0,0,0.9987,0.9972,0.9983,0.046,0.0779,0,0,Slouching
d0d57992a794,d0d57992a794_Slouching_1779807555,1779807558.802,55,0.1652,0.4696,0.0087,0.0348,5.0,0.0,0.0,0,0.3594,-0.113,-0.1652,-0.1478,0.0956,0.0,0.0,0,0.9987,0.9974,0.9983,0.0439,0.0776,0,0,Slouching
d0d57992a794,d0d57992a794_Slouching_1779807555,1779807559.084,56,0.1638,0.4963,0.0043,0.0345,5.0,0.0,0.0,0,0.3625,-0.1121,-0.1638,-0.1595,0.0905,0.0,0.0,0,0.9988,0.9975,0.9983,0.0385,0.0729,0,0,Slouching
d0d57992a794,d0d57992a794_Slouching_1779807555,1779807559.366,57,0.1645,0.4974,0.0087,0.0346,5.0,0.0,0.0,0,0.361,-0.1169,-0.1645,-0.1645,0.0866,0.0,0.0,0,0.9988,0.9977,0.9984,0.0355,0.0687,0,0,Slouching
d0d57992a794,d0d57992a794_Slouching_1779807555,1779807559.644,58,0.1652,0.5005,0.0261,0.0348,5.0,0.0,0.0,0,0.3595,-0.1217,-0.1652,-0.1739,0.0826,0.0,0.0,0,0.9988,0.9977,0.9984,0.0346,0.0659,0,0,Slouching
d0d57992a794,d0d57992a794_Slouching_1779807555,1779807559.897,59,0.2174,0.6926,0.0682,0.0426,5.0,0.0,0.0,0,0.3665,-0.1109,-0.2174,-0.1364,0.0298,0.0,0.0,0,0.9989,0.9968,0.9984,0.0307,0.0546,0,0,Slouching
d0d57992a794,d0d57992a794_Slouching_1779807555,1779807560.195,60,0.2164,0.7021,0.026,0.0433,5.0,0.0,0.0,0,0.3611,-0.1298,-0.2164,-0.1558,0.0346,0.0,0.0,0,0.9981,0.9869,0.9968,0.0286,0.0398,0,0,Slouching
d0d57992a794,d0d57992a794_Slouching_1779807555,1779807560.479,61,0.1964,0.7243,0.0268,0.0357,5.0,0.0,0.0,0,0.3501,-0.1339,-0.1964,-0.1696,0.058,0.0,0.0,0,0.9981,0.9832,0.9966,0.0345,0.0454,0,0,Slouching
d0d57992a794,d0d57992a794_Slouching_1779807555,1779807560.755,62,0.1762,0.7141,0.0953,0.0286,5.0,0.0,0.0,0,0.3281,-0.1429,-0.1762,-0.2048,0.0905,0.0,0.0,0,0.9984,0.9841,0.9971,0.0852,0.0855,0,0,Slouching
d0d57992a794,d0d57992a794_Slouching_1779807555,1779807561.059,63,0.16,0.4441,0.3475,0.0221,0.7926,0.0,0.0,0,0.2833,-0.2979,-0.16,-0.4192,0.1213,0.0,0.0,0,0.9985,0.9604,0.9978,0.1819,0.2204,1,1,Slouching
d0d57992a794,d0d57992a794_Slouching_1779807555,1779807561.339,64,0.2144,0.4901,0.2028,0.0348,0.8811,0.0,0.0,0,0.2697,-0.1796,-0.2144,-0.2318,0.0464,0.0,0.0,0,0.9981,0.9712,0.9974,0.2512,0.3006,2,1,Slouching
d0d57992a794,d0d57992a794_Slouching_1779807555,1779807561.61,65,0.2698,0.608,0.0826,0.011,1.6353,0.0,0.0,0,0.2838,-0.033,-0.2698,-0.1046,-0.044,0.0,0.0,0,0.995,0.9813,0.9917,0.1611,0.2001,1,1,Slouching
d0d57992a794,d0d57992a794_Slouching_1779807555,1779807561.891,66,0.2927,0.7173,0.0221,0.0221,5.0,0.0,0.0,0,0.2829,-0.0221,-0.2927,-0.0497,-0.0442,0.0,0.0,0,0.9932,0.9843,0.9896,0.101,0.1329,0,0,Slouching
d0d57992a794,d0d57992a794_Slouching_1779807555,1779807562.154,67,0.3055,0.6906,0.0111,0.0111,5.0,0.0,0.0,0,0.2813,-0.0222,-0.3055,-0.0444,-0.0667,0.0,0.0,0,0.991,0.984,0.986,0.0723,0.1,0,0,Slouching
d0d57992a794,d0d57992a794_Slouching_1779807555,1779807562.435,68,0.3017,0.6233,0.0056,0.0,5.0,0.0,0.0,0,0.2797,-0.0056,-0.3017,-0.0391,-0.0615,0.0,0.0,0,0.9898,0.9826,0.9835,0.0508,0.0789,0,0,Slouching
d0d57992a794,d0d57992a794_Slouching_1779807555,1779807562.687,69,0.3051,0.6362,0.0113,0.0113,5.0,0.0,0.0,0,0.2766,-0.0226,-0.3051,-0.0452,-0.0678,0.0,0.0,0,0.9918,0.9831,0.9855,0.042,0.0737,0,0,Slouching
d0d57992a794,d0d57992a794_Slouching_1779807555,1779807562.969,70,0.2994,0.6163,0.0056,0.0113,5.0,0.0,0.0,0,0.2766,-0.0226,-0.2994,-0.0508,-0.0565,0.0,0.0,0,0.993,0.9838,0.9873,0.0365,0.0683,0,0,Slouching
d0d57992a794,d0d57992a794_Slouching_1779807555,1779807563.241,71,0.2977,0.6525,0.0112,0.0,5.0,0.0,0.0,0,0.2781,-0.0393,-0.2977,-0.0843,-0.0618,0.0,0.0,0,0.9945,0.9858,0.9898,0.0402,0.0739,0,0,Slouching
d0d57992a794,d0d57992a794_Slouching_1779807555,1779807563.504,72,0.3,0.676,0.0111,0.0056,5.0,0.0,0.0,0,0.2813,-0.0389,-0.3,-0.0778,-0.0611,0.0,0.0,0,0.995,0.9857,0.9907,0.0428,0.0788,0,0,Slouching
d0d57992a794,d0d57992a794_Slouching_1779807555,1779807563.774,73,0.3072,0.6668,0.0112,0.0056,5.0,0.0,0.0,0,0.2797,-0.0335,-0.3072,-0.0726,-0.067,0.0,0.0,0,0.9948,0.9834,0.9901,0.0408,0.0778,0,0,Slouching
d0d57992a794,d0d57992a794_Slouching_1779807555,1779807564.063,74,0.2944,0.7219,0.0222,0.0111,5.0,0.0,0.0,0,0.2813,-0.0389,-0.2944,-0.0667,-0.0555,0.0,0.0,0,0.9927,0.9797,0.9873,0.0418,0.0861,0,0,Slouching
d0d57992a794,d0d57992a794_Slouching_1779807555,1779807564.335,75,0.2539,0.6819,0.0264,0.0159,5.0,0.0,0.0,0,0.2954,-0.0106,-0.2539,-0.0212,0.0106,0.0,0.0,0,0.9939,0.9823,0.9899,0.0381,0.086,0,0,Slouching
d0d57992a794,d0d57992a794_Slouching_1779807555,1779807564.592,76,0.133,0.5868,0.0709,0.0355,5.0,0.0,0.0,0,0.3525,0.1064,-0.133,0.1729,0.1064,0.0,0.0,0,0.9953,0.9766,0.9934,0.044,0.0723,0,0,Slouching
d0d57992a794,d0d57992a794_Slouching_1779807555,1779807564.874,77,0.0348,0.5482,0.0697,0.0131,5.0,0.0,0.0,0,0.3587,0.1481,0.0348,0.2004,0.3093,0.0,0.0,0,0.9928,0.9816,0.9957,0.0634,0.0663,0,0,Slouching
d0d57992a794,d0d57992a794_Slouching_1779807555,1779807565.129,78,0.061,0.4435,0.0894,0.0244,5.0,0.0,0.0,0,0.3844,0.1138,0.061,0.1911,0.2886,0.0,0.0,0,0.9858,0.9811,0.9961,0.0536,0.0702,0,0,Slouching
d0d57992a794,d0d57992a794_Slouching_1779807555,1779807565.404,79,0.0534,0.4644,0.0739,0.0164,5.0,0.0,0.0,0,0.3807,0.1067,0.0534,0.1888,0.2709,0.0,0.0,0,0.984,0.9818,0.9957,0.0532,0.087,0,0,Slouching
d0d57992a794,d0d57992a794_Slouching_1779807555,1779807565.664,80,0.0202,0.4979,0.0606,0.0323,5.0,0.0,0.0,0,0.3866,-0.101,-0.0202,-0.1051,0.1859,0.0,0.0,0,0.988,0.9798,0.9967,0.0518,0.0735,0,0,Slouching
d0d57992a794,d0d57992a794_Slouching_1779807555,1779807565.932,81,0.0139,0.3972,0.0487,0.0383,5.0,0.0,0.0,0,0.449,-0.1427,0.0139,-0.1427,0.2471,0.0,0.0,0,0.9914,0.9735,0.9976,0.0379,0.0516,0,0,Slouching
d0d57992a794,d0d57992a794_Slouching_1779807555,1779807566.21,82,0.0482,0.4023,0.0448,0.0276,5.0,0.0,0.0,0,0.4536,-0.1309,0.0482,-0.1378,0.31,0.0,0.0,0,0.9935,0.9767,0.9983,0.0367,0.0442,0,0,Slouching
d0d57992a794,d0d57992a794_Slouching_1779807555,1779807566.46,83,0.0122,0.676,0.057,0.0367,5.0,0.0,0.0,0,0.3834,-0.2608,-0.0122,-0.3056,0.2567,0.0,0.0,0,0.996,0.9774,0.9986,0.037,0.0743,0,0,Slouching
d0d57992a794,d0d57992a794_Slouching_1779807555,1779807566.737,84,0.1646,0.6915,0.0799,0.0517,5.0,0.0,0.0,0,0.3323,-0.1034,-0.1646,-0.0846,0.0705,0.0,0.0,0,0.9896,0.9687,0.9856,0.0329,0.0749,0,0,Slouching
d0d57992a794,d0d57992a794_Slouching_1779807555,1779807567.025,85,0.2298,0.6538,0.0374,0.0321,5.0,0.0,0.0,0,0.2924,-0.0641,-0.2298,-0.0855,0.0107,0.0,0.0,0,0.9924,0.9795,0.9894,0.0299,0.07,0,0,Slouching
d0d57992a794,d0d57992a794_Slouching_1779807555,1779807567.304,86,0.2444,0.6536,0.0167,0.0389,5.0,0.0,0.0,0,0.2813,-0.0667,-0.2444,-0.0889,-0.0111,0.0,0.0,0,0.994,0.9849,0.9914,0.0346,0.0775,0,0,Slouching
d0d57992a794,d0d57992a794_Slouching_1779807555,1779807567.584,87,0.2373,0.6452,0.0497,0.0441,5.0,0.0,0.0,0,0.2832,-0.0497,-0.2373,-0.0552,-0.0055,0.0,0.0,0,0.996,0.9893,0.9943,0.0426,0.0992,0,0,Slouching
d0d57992a794,d0d57992a794_Slouching_1779807555,1779807567.872,88,0.2469,0.6265,0.0549,0.0384,5.0,0.0,0.0,0,0.2848,-0.0494,-0.2469,-0.0603,-0.011,0.0,0.0,0,0.9972,0.9915,0.996,0.0406,0.1119,0,0,Slouching
d0d57992a794,d0d57992a794_Slouching_1779807555,1779807568.15,89,0.236,0.5762,0.0439,0.0439,5.0,0.0,0.0,0,0.2846,-0.0549,-0.236,-0.0659,0.0,0.0,0.0,0,0.9981,0.9927,0.9971,0.0344,0.1007,0,0,Slouching
d0d57992a794,d0d57992a794_Slouching_1779807555,1779807568.431,90,0.2238,0.6097,0.0437,0.0437,5.0,0.0,0.0,0,0.2862,-0.0601,-0.2238,-0.0655,0.0273,0.0,0.0,0,0.9984,0.9934,0.9976,0.0317,0.0966,0,0,Slouching
d0d57992a794,d0d57992a794_Slouching_1779807555,1779807568.681,91,0.2195,0.5871,0.0494,0.0384,5.0,0.0,0.0,0,0.2847,-0.0604,-0.2195,-0.0659,0.0384,0.0,0.0,0,0.9986,0.994,0.9978,0.0352,0.1153,0,0,Slouching
d0d57992a794,d0d57992a794_Slouching_1779807555,1779807568.976,92,0.2043,0.5532,0.0331,0.0331,5.0,0.0,0.0,0,0.283,-0.0607,-0.2043,-0.0773,0.0552,0.0,0.0,0,0.9988,0.9949,0.9981,0.0354,0.1258,0,0,Slouching
d0d57992a794,d0d57992a794_Slouching_1779807555,1779807569.256,93,0.203,0.5178,0.0494,0.0329,5.0,0.0,0.0,0,0.2847,-0.0659,-0.203,-0.0768,0.0494,0.0,0.0,0,0.9986,0.9939,0.9976,0.0355,0.1279,0,0,Slouching
d0d57992a794,d0d57992a794_Slouching_1779807555,1779807569.534,94,0.2009,0.6108,0.0434,0.0163,5.0,0.0,0.0,0,0.2878,-0.0652,-0.2009,-0.0869,0.0489,0.0,0.0,0,0.9983,0.9928,0.9969,0.0386,0.1328,0,0,Slouching
d0d57992a794,d0d57992a794_Slouching_1779807555,1779807569.817,95,0.1921,0.5521,0.0439,0.011,5.0,0.0,0.0,0,0.2846,-0.0659,-0.1921,-0.0878,0.0549,0.0,0.0,0,0.9981,0.9927,0.9969,0.0346,0.1163,0,0,Slouching
d0d57992a794,d0d57992a794_Slouching_1779807555,1779807570.115,96,0.1877,0.5381,0.0386,0.0166,5.0,0.0,0.0,0,0.283,-0.0662,-0.1877,-0.0828,0.0607,0.0,0.0,0,0.998,0.9926,0.9967,0.0327,0.1107,0,0,Slouching
d0d57992a794,d0d57992a794_Slouching_1779807555,1779807570.401,97,0.1867,0.5903,0.0329,0.022,5.0,0.0,0.0,0,0.2845,-0.0659,-0.1867,-0.0824,0.0604,0.0,0.0,0,0.9982,0.9926,0.997,0.0332,0.1084,0,0,Slouching
d0d57992a794,d0d57992a794_Slouching_1779807555,1779807570.685,98,0.1911,0.5421,0.0382,0.0273,5.0,0.0,0.0,0,0.2861,-0.0655,-0.1911,-0.0764,0.0601,0.0,0.0,0,0.9981,0.9915,0.9968,0.0309,0.1102,0,0,Slouching
d0d57992a794,d0d57992a794_Slouching_1779807555,1779807570.98,99,0.1867,0.5201,0.0329,0.022,5.0,0.0,0.0,0,0.2845,-0.0659,-0.1867,-0.0824,0.0604,0.0,0.0,0,0.9976,0.9911,0.9964,0.0277,0.1044,0,0,Slouching
d0d57992a794,d0d57992a794_Slouching_1779807555,1779807571.263,100,0.1922,0.52,0.0329,0.022,5.0,0.0,0.0,0,0.2845,-0.0659,-0.1922,-0.0824,0.0604,0.0,0.0,0,0.9979,0.9918,0.9968,0.0241,0.0959,0,0,Slouching
d0d57992a794,d0d57992a794_Slouching_1779807555,1779807571.565,101,0.2429,0.4936,0.0386,0.0386,5.0,0.0,0.0,0,0.283,-0.0607,-0.2429,-0.0552,0.011,0.0,0.0,0,0.9984,0.9936,0.9976,0.0218,0.0922,0,0,Slouching
d0d57992a794,d0d57992a794_Slouching_1779807555,1779807571.842,102,0.3039,0.618,0.0055,0.0552,5.0,0.0,0.0,0,0.2828,-0.0773,-0.3039,-0.0884,-0.0552,0.0,0.0,0,0.9984,0.9907,0.9964,0.0213,0.0869,0,0,Slouching
d0d57992a794,d0d57992a794_Slouching_1779807555,1779807572.104,103,0.2686,0.644,0.1261,0.0274,5.0,0.0,0.0,0,0.2851,-0.0877,-0.2686,-0.1096,0.0055,0.0,0.0,0,0.9984,0.9878,0.9964,0.0483,0.1079,0,0,Slouching
d0d57992a794,d0d57992a794_Slouching_1779807555,1779807572.382,104,0.1527,0.5036,0.124,0.0143,5.0,0.0,0.0,0,0.3275,-0.105,-0.1527,-0.1717,0.1193,0.0,0.0,0,0.999,0.9916,0.998,0.1984,0.1861,0,0,Slouching
d0d57992a794,d0d57992a794_Slouching_1779807555,1779807572.671,105,0.0234,0.3145,0.1591,0.0374,0.4469,0.0,0.0,1,0.3339,-0.2152,0.0234,-0.3088,0.262,0.0,0.0,0,0.9985,0.9841,0.9984,0.1818,0.2105,1,1,Slouching
d0d57992a794,d0d57992a794_Slouching_1779807555,1779807572.944,106,0.015,0.3745,0.0599,0.0349,5.0,0.0,0.0,0,0.3131,-0.1447,0.015,-0.1747,0.2396,0.0,0.0,0,0.9973,0.9822,0.9983,0.1332,0.1535,0,0,Slouching
d0d57992a794,d0d57992a794_Slouching_1779807555,1779807573.221,107,0.0062,0.381,0.0062,0.0248,5.0,0.0,0.0,0,0.2516,-0.118,-0.0062,-0.1429,0.2174,0.0,0.0,0,0.9978,0.9883,0.9987,0.1734,0.1869,0,0,Slouching
d0d57992a794,d0d57992a794_Slouching_1779807555,1779807573.482,108,0.0134,0.3998,0.0045,0.0134,5.0,0.0,0.0,0,0.35,-0.1473,-0.0134,-0.1562,0.2143,0.0,0.0,0,0.9969,0.9907,0.9986,0.1742,0.1937,0,0,Slouching
d0d57992a794,d0d57992a794_Slouching_1779807555,1779807573.75,109,0.0043,0.4099,0.0427,0.0213,5.0,0.0,0.0,0,0.366,-0.0854,0.0043,-0.0982,0.2135,0.0,0.0,0,0.9943,0.9906,0.9982,0.1417,0.1606,0,0,Slouching
d0d57992a794,d0d57992a794_Slouching_1779807555,1779807574.01,110,0.035,0.4156,0.1498,0.0449,5.0,0.0,0.0,0,0.3129,-0.005,0.035,0.01,0.2497,0.0,0.0,0,0.9957,0.992,0.9987,0.1594,0.1369,0,0,Slouching
d0d57992a794,d0d57992a794_Slouching_1779807555,1779807574.314,111,0.0221,0.4575,0.0929,0.0266,5.0,0.0,0.0,0,0.3531,-0.0354,0.0221,-0.0133,0.2434,0.0,0.0,0,0.9956,0.9924,0.9987,0.1667,0.1277,0,0,Slouching
d0d57992a794,d0d57992a794_Slouching_1779807555,1779807574.584,112,0.0397,0.4065,0.1142,0.0447,0.5456,0.0,0.0,0,0.3146,-0.0348,0.0397,-0.0298,0.2633,0.0,0.0,0,0.9953,0.9935,0.9982,0.2075,0.1631,1,1,Slouching
d0d57992a794,d0d57992a794_Slouching_1779807555,1779807574.849,113,0.0362,0.4416,0.0181,0.0136,5.0,0.0,0.0,0,0.3454,-0.0995,0.0362,-0.1086,0.2895,0.0,0.0,0,0.9944,0.9926,0.9978,0.1896,0.1371,0,0,Slouching
d0d57992a794,d0d57992a794_Slouching_1779807555,1779807575.131,114,0.0093,0.3986,0.213,0.0509,5.0,0.0,0.0,0,0.3374,-0.1482,0.0093,-0.2593,0.2223,0.0,0.0,0,0.996,0.9899,0.9982,0.1878,0.1617,0,0,Slouching
d0d57992a794,d0d57992a794_Slouching_1779807555,1779807575.416,115,0.0138,0.4042,0.2534,0.0322,0.2079,0.0,0.0,1,0.3392,-0.129,-0.0138,-0.2165,0.2165,0.0,0.0,0,0.9977,0.9913,0.9989,0.2687,0.264,2,1,Slouching
d0d57992a794,d0d57992a794_Slouching_1779807555,1779807575.67,116,0.013,0.4171,0.1511,0.0475,0.3245,0.0,0.0,1,0.362,-0.1511,-0.013,-0.2633,0.1899,0.0,0.0,0,0.9972,0.9849,0.9984,0.2193,0.2181,2,1,Slouching
d0d57992a794,d0d57992a794_Slouching_1779807555,1779807575.929,117,0.0277,0.5136,0.0634,0.0436,5.0,0.0,0.0,0,0.3945,-0.0911,-0.0277,-0.1743,0.2139,0.0,0.0,0,0.9959,0.9732,0.9984,0.1454,0.1578,0,0,Slouching
d0d57992a794,d0d57992a794_Leaning_on_Desk_1779807581,1779807584.881,118,0.4572,0.3283,0.1156,0.1366,0.3725,-53.065,162.1743,1,0.2973,-0.3364,-0.4572,-0.3994,-0.3574,53.065,162.1743,1,1.0,0.9991,0.9999,0.9853,0.1449,1,1,Leaning on Desk
d0d57992a794,d0d57992a794_Leaning_on_Desk_1779807581,1779807585.138,119,0.4572,0.3296,0.1156,0.1314,0.374,-53.2119,162.3441,1,0.2973,-0.3311,-0.4572,-0.3994,-0.3574,53.2119,162.3441,1,1.0,0.9992,1.0,0.986,0.1593,1,1,Leaning on Desk
d0d57992a794,d0d57992a794_Leaning_on_Desk_1779807581,1779807585.401,120,0.4569,0.3453,0.1208,0.1366,0.3788,-53.1887,162.4996,1,0.2975,-0.3309,-0.4569,-0.3992,-0.3572,53.1887,162.4996,1,1.0,0.9993,1.0,0.9872,0.1769,1,1,Leaning on Desk
d0d57992a794,d0d57992a794_Leaning_on_Desk_1779807581,1779807585.677,121,0.4592,0.3556,0.1305,0.1357,0.3764,-52.8829,162.9578,1,0.2994,-0.334,-0.4592,-0.4018,-0.3601,52.8829,162.9578,1,1.0,0.9993,1.0,0.9876,0.1806,1,1,Leaning on Desk
d0d57992a794,d0d57992a794_Leaning_on_Desk_1779807581,1779807585.954,122,0.4616,0.3513,0.1311,0.1364,0.3783,-53.0646,162.7524,1,0.2979,-0.3357,-0.4616,-0.4039,-0.3619,53.0646,162.7524,1,1.0,0.9992,0.9999,0.9877,0.1785,1,1,Leaning on Desk
d0d57992a794,d0d57992a794_Leaning_on_Desk_1779807581,1779807586.216,123,0.4783,0.3838,0.1156,0.1314,0.3928,-51.2733,162.7722,1,0.2973,-0.3206,-0.4783,-0.3889,-0.3784,51.2733,162.7722,1,1.0,0.9992,0.9999,0.988,0.1774,1,1,Leaning on Desk
d0d57992a794,d0d57992a794_Leaning_on_Desk_1779807581,1779807586.502,124,0.5526,0.3408,0.1291,0.0516,0.4615,-57.9107,152.5286,1,0.3025,-0.2118,-0.5526,-0.3047,-0.5165,57.9107,152.5286,1,1.0,0.9993,1.0,0.9891,0.2038,2,1,Leaning on Desk
d0d57992a794,d0d57992a794_Leaning_on_Desk_1779807581,1779807586.76,125,0.5478,0.3236,0.1471,0.0558,0.4059,-57.1361,144.4717,1,0.308,-0.2232,-0.5478,-0.3601,-0.4971,57.1361,144.4717,1,1.0,0.9991,0.9999,0.9874,0.2075,2,1,Leaning on Desk
d0d57992a794,d0d57992a794_Leaning_on_Desk_1779807581,1779807587.044,126,0.5459,0.3069,0.1428,0.051,0.394,-57.2443,145.2262,1,0.3063,-0.2398,-0.5459,-0.3877,-0.5,57.2443,145.2262,1,1.0,0.9988,0.9999,0.9843,0.1886,1,1,Leaning on Desk
d0d57992a794,d0d57992a794_Leaning_on_Desk_1779807581,1779807587.312,127,0.5459,0.3209,0.1428,0.051,0.3937,-57.4523,145.6198,1,0.3063,-0.2449,-0.5459,-0.3877,-0.4949,57.4523,145.6198,1,1.0,0.9987,0.9999,0.9828,0.1705,1,1,Leaning on Desk
d0d57992a794,d0d57992a794_Leaning_on_Desk_1779807581,1779807587.585,128,0.5435,0.3297,0.1372,0.0559,0.3869,-57.8968,146.1876,1,0.3076,-0.2387,-0.5435,-0.381,-0.4877,57.8968,146.1876,1,1.0,0.9985,0.9999,0.981,0.1531,1,1,Leaning on Desk
d0d57992a794,d0d57992a794_Leaning_on_Desk_1779807581,1779807587.852,129,0.5381,0.3373,0.1358,0.0553,0.4024,-56.7619,145.9597,1,0.3107,-0.2364,-0.5381,-0.3571,-0.4828,56.7619,145.9597,1,1.0,0.9985,0.9999,0.9813,0.1477,1,1,Leaning on Desk
d0d57992a794,d0d57992a794_Leaning_on_Desk_1779807581,1779807588.139,130,0.5459,0.3172,0.1365,0.0657,0.4004,-48.3083,141.8591,1,0.3091,-0.2527,-0.5459,-0.369,-0.4751,48.3083,141.8591,1,1.0,0.9985,0.9999,0.9813,0.1606,1,1,Leaning on Desk
d0d57992a794,d0d57992a794_Leaning_on_Desk_1779807581,1779807588.402,131,0.5571,0.3512,0.1339,0.1018,0.4289,-33.983,133.4014,1,0.2917,-0.316,-0.5571,-0.4553,-0.4285,33.983,133.4014,1,1.0,0.9985,0.9999,0.9781,0.142,1,1,Leaning on Desk
d0d57992a794,d0d57992a794_Leaning_on_Desk_1779807581,1779807588.683,132,0.5139,0.3581,0.1298,0.109,0.4043,-43.3034,154.3199,1,0.301,-0.2855,-0.5139,-0.3893,-0.3945,43.3034,154.3199,1,1.0,0.9988,0.9999,0.9786,0.1428,1,1,Leaning on Desk
d0d57992a794,d0d57992a794_Leaning_on_Desk_1779807581,1779807588.944,133,0.5061,0.351,0.1291,0.1291,0.3996,-39.6867,157.4459,1,0.3025,-0.2944,-0.5061,-0.3719,-0.3925,39.6867,157.4459,1,1.0,0.999,0.9999,0.9817,0.1556,1,1,Leaning on Desk
d0d57992a794,d0d57992a794_Leaning_on_Desk_1779807581,1779807589.227,134,0.5054,0.3744,0.1407,0.1407,0.4145,-41.0082,156.9118,1,0.2999,-0.297,-0.5054,-0.37,-0.396,41.0082,156.9118,1,1.0,0.9991,0.9999,0.984,0.1586,1,1,Leaning on Desk
d0d57992a794,d0d57992a794_Leaning_on_Desk_1779807581,1779807589.493,135,0.5054,0.3727,0.1407,0.1407,0.4159,-40.9977,157.206,1,0.2999,-0.297,-0.5054,-0.37,-0.396,40.9977,157.206,1,1.0,0.9991,0.9999,0.9849,0.1581,1,1,Leaning on Desk
d0d57992a794,d0d57992a794_Leaning_on_Desk_1779807581,1779807589.778,136,0.5389,0.395,0.0688,0.1147,0.4979,-43.291,166.0184,1,0.2725,-0.2007,-0.5389,-0.2981,-0.4415,43.291,166.0184,1,1.0,0.9989,0.9999,0.987,0.3456,2,1,Leaning on Desk
d0d57992a794,d0d57992a794_Leaning_on_Desk_1779807581,1779807590.054,137,0.5529,0.5796,0.0476,0.0357,0.4893,-35.1386,176.2627,1,0.2628,-0.0595,-0.5529,-0.1486,-0.4578,35.1386,176.2627,1,0.9998,0.9973,0.9996,0.8848,0.6383,2,1,Leaning on Desk
d0d57992a794,d0d57992a794_Leaning_on_Desk_1779807581,1779807590.344,138,0.5077,0.6144,0.1172,0.1395,0.4229,-36.2003,174.5057,1,0.2801,0.0948,-0.5077,0.0167,-0.4296,36.2003,174.5057,1,0.9997,0.9891,0.9995,0.6628,0.7225,2,1,Leaning on Desk
d0d57992a794,d0d57992a794_Leaning_on_Desk_1779807581,1779807590.616,139,0.4593,0.5095,0.1549,0.1442,0.4125,-42.883,172.6268,1,0.2926,0.1282,-0.4593,0.1228,-0.3898,42.883,172.6268,1,0.9993,0.9905,0.999,0.4184,0.7611,2,1,Leaning on Desk
d0d57992a794,d0d57992a794_Leaning_on_Desk_1779807581,1779807590.883,140,0.4614,0.51,0.1678,0.1311,0.4079,-44.9816,172.3918,1,0.298,0.1206,-0.4614,0.1206,-0.3985,44.9816,172.3918,1,0.9993,0.9934,0.9989,0.2807,0.8183,2,1,Leaning on Desk
d0d57992a794,d0d57992a794_Leaning_on_Desk_1779807581,1779807591.178,141,0.4553,0.5305,0.1747,0.127,0.3942,-44.6898,170.8858,1,0.2952,0.1165,-0.4553,0.1112,-0.397,44.6898,170.8858,1,0.9993,0.9953,0.999,0.2234,0.8582,2,1,Leaning on Desk
d0d57992a794,d0d57992a794_Leaning_on_Desk_1779807581,1779807591.452,142,0.463,0.5108,0.1756,0.1224,0.386,-43.7463,175.0054,1,0.2936,0.1171,-0.463,0.1064,-0.4097,43.7463,175.0054,1,0.9993,0.996,0.999,0.2089,0.8852,2,1,Leaning on Desk
d0d57992a794,d0d57992a794_Leaning_on_Desk_1779807581,1779807591.713,143,0.5465,0.4427,0.1685,0.0817,0.5529,-65.5265,-176.2887,1,0.3059,0.0919,-0.5465,0.1124,-0.5567,65.5265,176.2887,1,0.9993,0.9953,0.9989,0.1603,0.9007,1,1,Leaning on Desk
d0d57992a794,d0d57992a794_Leaning_on_Desk_1779807581,1779807591.984,144,0.5418,0.4214,0.1873,0.0861,0.5072,-57.8458,-169.7953,1,0.3086,0.0861,-0.5418,0.1316,-0.5317,57.8458,169.7953,1,0.9993,0.9941,0.9987,0.1278,0.9125,1,1,Leaning on Desk
d0d57992a794,d0d57992a794_Leaning_on_Desk_1779807581,1779807592.254,145,0.5341,0.4071,0.2028,0.0841,0.5122,-57.2879,-170.8233,1,0.3159,0.0791,-0.5341,0.1236,-0.5242,57.2879,170.8233,1,0.9992,0.9944,0.9985,0.1067,0.9351,1,1,Leaning on Desk
d0d57992a794,d0d57992a794_Leaning_on_Desk_1779807581,1779807592.534,146,0.5286,0.3857,0.2075,0.079,0.5117,-57.0302,-171.1713,1,0.3163,0.084,-0.5286,0.1235,-0.5237,57.0302,171.1713,1,0.9991,0.994,0.9982,0.0865,0.9428,1,1,Leaning on Desk
d0d57992a794,d0d57992a794_Leaning_on_Desk_1779807581,1779807592.798,147,0.5261,0.3844,0.2065,0.0787,0.5111,-57.7695,-171.6493,1,0.3178,0.0836,-0.5261,0.1278,-0.5212,57.7695,171.6493,1,0.9989,0.9934,0.9978,0.0713,0.9393,1,1,Leaning on Desk
d0d57992a794,d0d57992a794_Leaning_on_Desk_1779807581,1779807593.06,148,0.5428,0.4627,0.1931,0.0939,0.5236,-54.6558,177.2232,1,0.2994,0.0783,-0.5428,0.0365,-0.5323,54.6558,177.2232,1,0.9989,0.9936,0.9979,0.1874,0.9425,1,1,Leaning on Desk
d0d57992a794,d0d57992a794_Leaning_on_Desk_1779807581,1779807593.334,149,0.5529,0.3877,0.1185,0.0677,0.5139,-47.0476,167.91,1,0.277,0.0,-0.5529,-0.0846,-0.5078,47.0476,167.91,1,0.9993,0.9949,0.9987,0.4958,0.9553,2,1,Leaning on Desk
d0d57992a794,d0d57992a794_Leaning_on_Desk_1779807581,1779807593.605,150,0.4548,0.4883,0.0866,0.0108,0.3687,-29.7832,167.4518,1,0.2886,-0.1137,-0.4548,-0.1949,-0.3465,29.7832,167.4518,1,0.9993,0.9948,0.9991,0.7165,0.9654,2,1,Leaning on Desk
d0d57992a794,d0d57992a794_Leaning_on_Desk_1779807581,1779807593.869,151,0.3736,0.5259,0.064,0.0427,0.3259,-24.0035,168.6401,1,0.2928,-0.1975,-0.3736,-0.2882,-0.2295,24.0035,168.6401,1,0.9993,0.9952,0.9993,0.8166,0.9676,2,1,Leaning on Desk
d0d57992a794,d0d57992a794_Leaning_on_Desk_1779807581,1779807594.148,152,0.341,0.5739,0.0712,0.0254,0.3275,-23.7329,168.6237,1,0.307,-0.1679,-0.341,-0.2443,-0.1985,23.7329,168.6237,1,0.9995,0.9968,0.9996,0.8563,0.972,2,1,Leaning on Desk
d0d57992a794,d0d57992a794_Leaning_on_Desk_1779807581,1779807594.425,153,0.341,0.5889,0.0712,0.0254,0.3205,-24.3879,168.9592,1,0.307,-0.1578,-0.341,-0.229,-0.1934,24.3879,168.9592,1,0.9997,0.9977,0.9997,0.8814,0.9741,2,1,Leaning on Desk
d0d57992a794,d0d57992a794_Leaning_on_Desk_1779807581,1779807594.709,154,0.3377,0.581,0.0665,0.0307,0.3224,-24.1012,169.0182,1,0.3054,-0.1535,-0.3377,-0.2251,-0.1996,24.1012,169.0182,1,0.9997,0.9981,0.9998,0.9024,0.976,2,1,Leaning on Desk
d0d57992a794,d0d57992a794_Leaning_on_Desk_1779807581,1779807594.977,155,0.3424,0.5561,0.0882,0.0363,0.3258,-21.5285,170.0774,1,0.3012,-0.166,-0.3424,-0.2438,-0.192,21.5285,170.0774,1,0.9998,0.9984,0.9999,0.9122,0.9774,2,1,Leaning on Desk
d0d57992a794,d0d57992a794_Leaning_on_Desk_1779807581,1779807595.26,156,0.5396,0.514,0.0709,0.0164,0.5072,-57.899,165.6264,1,0.2867,-0.1363,-0.5396,-0.2453,-0.4906,57.899,165.6264,1,0.9998,0.9977,0.9998,0.9353,0.9816,2,1,Leaning on Desk
d0d57992a794,d0d57992a794_Leaning_on_Desk_1779807581,1779807595.551,157,0.5438,0.5008,0.0275,0.022,0.4882,-50.3576,169.8314,1,0.2845,-0.1538,-0.5438,-0.2636,-0.4723,50.3576,169.8314,1,0.9998,0.9963,0.9998,0.9368,0.9776,2,1,Leaning on Desk
d0d57992a794,d0d57992a794_Leaning_on_Desk_1779807581,1779807595.811,158,0.5485,0.5279,0.038,0.0272,0.4732,-54.6048,167.2249,1,0.2877,-0.1521,-0.5485,-0.2553,-0.4671,54.6048,167.2249,1,0.9998,0.9952,0.9998,0.9326,0.9742,2,1,Leaning on Desk
d0d57992a794,d0d57992a794_Leaning_on_Desk_1779807581,1779807596.065,159,0.5454,0.5171,0.0432,0.0378,0.4537,-53.6147,167.6036,1,0.2893,-0.1458,-0.5454,-0.243,-0.4644,53.6147,167.6036,1,0.9997,0.994,0.9997,0.9327,0.9704,2,1,Leaning on Desk
d0d57992a794,d0d57992a794_Leaning_on_Desk_1779807581,1779807596.333,160,0.5294,0.5232,0.0378,0.0378,0.453,-53.1306,167.649,1,0.2893,-0.1512,-0.5294,-0.2431,-0.4537,53.1306,167.649,1,0.9997,0.9941,0.9997,0.935,0.9678,2,1,Leaning on Desk
d0d57992a794,d0d57992a794_Leaning_on_Desk_1779807581,1779807596.59,161,0.5211,0.531,0.0376,0.0322,0.4551,-52.6653,168.0094,1,0.2908,-0.1504,-0.5211,-0.2418,-0.4513,52.6653,168.0094,1,0.9997,0.9942,0.9997,0.9377,0.9671,2,1,Leaning on Desk
d0d57992a794,d0d57992a794_Leaning_on_Desk_1779807581,1779807596.846,162,0.5132,0.5248,0.0267,0.0374,0.4614,-49.1662,169.3238,1,0.2923,-0.139,-0.5132,-0.2299,-0.4437,49.1662,169.3238,1,0.9997,0.9948,0.9997,0.9417,0.9698,2,1,Leaning on Desk
d0d57992a794,d0d57992a794_Leaning_on_Desk_1779807581,1779807597.132,163,0.4574,0.521,0.0053,0.0691,0.433,-23.6975,163.5125,1,0.2938,-0.133,-0.4574,-0.2234,-0.2979,23.6975,163.5125,1,0.9998,0.9947,0.9998,0.9573,0.9732,2,1,Leaning on Desk
d0d57992a794,d0d57992a794_Leaning_on_Desk_1779807581,1779807597.418,164,0.2435,0.4632,0.0304,0.1167,0.215,0.0,0.0,1,0.308,-0.2131,-0.2435,-0.2537,0.0,0.0,0.0,0,0.9995,0.9957,0.9996,0.899,0.9662,2,1,Leaning on Desk
d0d57992a794,d0d57992a794_Leaning_on_Desk_1779807581,1779807597.696,165,0.2039,0.3556,0.0249,0.1044,0.2396,0.0,0.0,1,0.3142,-0.2139,-0.2039,-0.2537,0.0348,0.0,0.0,0,0.9992,0.997,0.9995,0.8484,0.9717,2,1,Leaning on Desk
d0d57992a794,d0d57992a794_Leaning_on_Desk_1779807581,1779807597.992,166,0.195,0.3479,0.01,0.095,0.2352,0.0,0.0,1,0.3125,-0.23,-0.195,-0.285,0.05,0.0,0.0,0,0.9993,0.9974,0.9996,0.8354,0.9751,2,1,Leaning on Desk
d0d57992a794,d0d57992a794_Leaning_on_Desk_1779807581,1779807598.281,167,0.1592,0.3457,0.005,0.0945,0.2289,0.0,0.0,1,0.3141,-0.2189,-0.1592,-0.2836,0.0746,0.0,0.0,0,0.9995,0.9977,0.9997,0.8311,0.9788,2,1,Leaning on Desk
d0d57992a794,d0d57992a794_Leaning_on_Desk_1779807581,1779807598.537,168,0.1503,0.3564,0.0,0.0984,0.2437,0.0,0.0,1,0.3016,-0.2435,-0.1503,-0.2902,0.0933,0.0,0.0,0,0.9996,0.9977,0.9998,0.8241,0.9799,2,1,Leaning on Desk
d0d57992a794,d0d57992a794_Leaning_on_Desk_1779807581,1779807598.827,169,0.1458,0.393,0.0052,0.0833,0.2432,0.0,0.0,1,0.3,-0.2604,-0.1458,-0.3021,0.1094,0.0,0.0,0,0.9996,0.9978,0.9997,0.8223,0.9807,2,1,Leaning on Desk
d0d57992a794,d0d57992a794_Leaning_on_Desk_1779807581,1779807599.111,170,0.3386,0.3476,0.1205,0.1951,0.3035,-30.4477,155.3993,1,0.2723,-0.3386,-0.3386,-0.4017,-0.1377,30.4477,155.3993,1,0.9997,0.998,0.9997,0.862,0.8818,2,1,Leaning on Desk
d0d57992a794,d0d57992a794_Leaning_on_Desk_1779807581,1779807599.397,171,0.4015,0.3665,0.2249,0.1981,0.3217,-53.0905,171.8217,1,0.2918,-0.3962,-0.4015,-0.4444,-0.2409,53.0905,171.8217,1,0.9998,0.9988,0.9998,0.9213,0.7228,2,1,Leaning on Desk
d0d57992a794,d0d57992a794_Leaning_on_Desk_1779807581,1779807599.655,172,0.3666,0.3346,0.2338,0.2285,0.3257,-44.8145,164.2057,1,0.2941,-0.4091,-0.3666,-0.4516,-0.1966,44.8145,164.2057,1,0.9999,0.9993,0.9999,0.9516,0.5733,2,1,Leaning on Desk
d0d57992a794,d0d57992a794_Leaning_on_Desk_1779807581,1779807599.935,173,0.3308,0.3419,0.2153,0.2258,0.2993,-38.6564,159.5262,1,0.2976,-0.4095,-0.3308,-0.462,-0.1103,38.6564,159.5262,1,0.9999,0.9996,0.9999,0.9637,0.4559,2,1,Leaning on Desk
d0d57992a794,d0d57992a794_Leaning_on_Desk_1779807581,1779807600.217,174,0.3311,0.349,0.2102,0.226,0.3049,-38.1832,161.7101,1,0.2973,-0.4047,-0.3311,-0.4415,-0.1156,38.1832,161.7101,1,1.0,0.9997,1.0,0.9725,0.3757,2,1,Leaning on Desk
d0d57992a794,d0d57992a794_Leaning_on_Desk_1779807581,1779807600.467,175,0.3315,0.3488,0.2052,0.2263,0.3054,-38.8371,161.9708,1,0.2969,-0.3999,-0.3315,-0.442,-0.1158,38.8371,161.9708,1,1.0,0.9998,1.0,0.9739,0.3294,2,1,Leaning on Desk
d0d57992a794,d0d57992a794_Leaning_on_Desk_1779807581,1779807600.732,176,0.3792,0.4218,0.2037,0.232,0.3554,-39.413,161.6858,1,0.2761,-0.3452,-0.3792,-0.4075,-0.1924,39.413,161.6858,1,1.0,0.9998,1.0,0.98,0.3749,2,1,Leaning on Desk
d0d57992a794,d0d57992a794_Leaning_on_Desk_1779807581,1779807601.002,177,0.4888,0.5711,0.043,0.0483,0.619,-35.4973,155.5093,1,0.2909,-0.0161,-0.4888,-0.1558,-0.3491,35.4973,155.5093,1,1.0,0.9991,1.0,0.9699,0.6398,2,1,Leaning on Desk
d0d57992a794,d0d57992a794_Leaning_on_Desk_1779807581,1779807601.289,178,0.4387,0.7375,0.2306,0.1856,0.555,-34.7436,166.7907,1,0.2778,0.1125,-0.4387,-0.0056,-0.3206,34.7436,166.7907,1,0.9999,0.9976,0.9998,0.6817,0.8,2,1,Leaning on Desk
d0d57992a794,d0d57992a794_Leaning_on_Desk_1779807581,1779807601.571,179,0.3091,0.5051,0.2373,0.1932,0.5191,-38.2095,168.4142,1,0.2831,0.1877,-0.3091,0.1049,-0.138,38.2095,168.4142,1,0.9995,0.997,0.9988,0.5044,0.8798,2,1,Leaning on Desk
d0d57992a794,d0d57992a794_Leaning_on_Desk_1779807581,1779807601.822,180,0.2754,0.403,0.2106,0.1836,0.4545,-37.0994,169.9819,1,0.2893,0.216,-0.2754,0.1674,-0.0918,37.0994,169.9819,1,0.9991,0.9978,0.9977,0.3631,0.9076,2,1,Leaning on Desk
d0d57992a794,d0d57992a794_Leaning_on_Desk_1779807581,1779807602.09,181,0.2925,0.413,0.2221,0.1733,0.4876,-36.2384,168.9476,1,0.2885,0.2004,-0.2925,0.1246,-0.1192,36.2384,168.9476,1,0.9991,0.9984,0.9973,0.2717,0.9287,2,1,Leaning on Desk
d0d57992a794,d0d57992a794_Leaning_on_Desk_1779807581,1779807602.377,182,0.3084,0.3945,0.2272,0.1731,0.5096,-35.6741,169.879,1,0.2888,0.1894,-0.3084,0.0812,-0.1407,35.6741,169.879,1,0.9991,0.9986,0.9974,0.2274,0.9361,2,1,Leaning on Desk
d0d57992a794,d0d57992a794_Leaning_on_Desk_1779807581,1779807602.634,183,0.3577,0.3739,0.2157,0.193,0.5456,-43.4717,169.2389,1,0.2752,0.2157,-0.3577,0.1079,-0.2101,43.4717,169.2389,1,0.9993,0.9988,0.9978,0.2043,0.9381,2,1,Leaning on Desk
d0d57992a794,d0d57992a794_Leaning_on_Desk_1779807581,1779807602.904,184,0.5369,0.3723,0.172,0.0834,0.4848,-66.991,-165.0628,1,0.2998,0.1616,-0.5369,0.2502,-0.5108,66.991,165.0628,1,0.9995,0.9983,0.9984,0.1852,0.9399,1,1,Leaning on Desk
d0d57992a794,d0d57992a794_Leaning_on_Desk_1779807581,1779807603.155,185,0.5177,0.3452,0.183,0.1098,0.4638,-61.3,-167.747,1,0.2988,0.183,-0.5177,0.2719,-0.4811,61.3,167.747,1,0.9995,0.9974,0.9981,0.2025,0.9196,2,1,Leaning on Desk
d0d57992a794,d0d57992a794_Leaning_on_Desk_1779807581,1779807603.438,186,0.5144,0.3165,0.2091,0.1696,0.4527,-58.1834,-174.5467,1,0.2764,0.2431,-0.5144,0.3165,-0.4465,58.1834,174.5467,1,0.9993,0.9965,0.9971,0.1834,0.8896,1,1,Leaning on Desk
d0d57992a794,d0d57992a794_Leaning_on_Desk_1779807581,1779807603.715,187,0.5025,0.3116,0.2145,0.1694,0.4397,-57.6906,-174.7474,1,0.2768,0.2484,-0.5025,0.3162,-0.4404,57.6906,174.7474,1,0.999,0.996,0.996,0.1701,0.8618,1,1,Leaning on Desk
d0d57992a794,d0d57992a794_Leaning_on_Desk_1779807581,1779807603.989,188,0.4947,0.3285,0.208,0.1686,0.4189,-57.6081,-178.1955,1,0.278,0.2417,-0.4947,0.3036,-0.4216,57.6081,178.1955,1,0.999,0.996,0.9959,0.1664,0.8479,1,1,Leaning on Desk
d0d57992a794,d0d57992a794_Leaning_on_Desk_1779807581,1779807604.271,189,0.4878,0.345,0.2193,0.1973,0.468,-68.9595,149.4934,1,0.2851,0.2028,-0.4878,0.1261,-0.4714,68.9595,149.4934,1,0.999,0.9959,0.9966,0.1796,0.8711,1,1,Leaning on Desk
d0d57992a794,d0d57992a794_Leaning_on_Desk_1779807581,1779807604.522,190,0.4403,0.3338,0.2486,0.1761,0.404,-70.3595,145.4163,1,0.3017,0.1709,-0.4403,0.0984,-0.4455,70.3595,145.4163,1,0.9982,0.9911,0.994,0.1916,0.8682,1,1,Leaning on Desk
d0d57992a794,d0d57992a794_Leaning_on_Desk_1779807581,1779807604.815,191,0.4269,0.3624,0.2499,0.1874,0.3229,-67.0877,149.209,1,0.3001,0.1874,-0.4269,0.1354,-0.3956,67.0877,149.209,1,0.9974,0.9913,0.9926,0.2265,0.8356,2,1,Leaning on Desk
d0d57992a794,d0d57992a794_Leaning_on_Desk_1779807581,1779807605.1,192,0.4306,0.3391,0.2573,0.1996,0.3238,-68.2641,149.9071,1,0.2975,0.2048,-0.4306,0.1576,-0.3781,68.2641,149.9071,1,0.9971,0.9926,0.9917,0.2351,0.8407,2,1,Leaning on Desk
d0d57992a794,d0d57992a794_Leaning_on_Desk_1779807581,1779807605.38,193,0.4118,0.3892,0.2316,0.175,0.3416,-61.7882,150.6715,1,0.3036,0.1596,-0.4118,0.1081,-0.3654,61.7882,150.6715,1,0.9969,0.9933,0.9913,0.2684,0.8702,2,1,Leaning on Desk
d0d57992a794,d0d57992a794_Leaning_on_Desk_1779807581,1779807605.659,194,0.5189,0.467,0.1254,0.0513,0.7133,-39.9903,154.3645,1,0.274,-0.0798,-0.5189,-0.2281,-0.4276,39.9903,154.3645,1,0.9981,0.9944,0.9949,0.4707,0.9168,2,1,Leaning on Desk
d0d57992a794,d0d57992a794_Leaning_on_Desk_1779807581,1779807605.939,195,0.5026,0.4428,0.0343,0.0971,0.3871,-28.9944,154.9526,1,0.2736,-0.2513,-0.5026,-0.3484,-0.3712,28.9944,154.9526,1,0.9989,0.996,0.9972,0.7123,0.6853,2,1,Leaning on Desk
d0d57992a794,d0d57992a794_Leaning_on_Desk_1779807581,1779807606.21,196,0.4533,0.4166,0.0995,0.1548,0.3897,-27.7513,161.0514,1,0.2827,-0.3096,-0.4533,-0.387,-0.2875,27.7513,161.0514,1,0.9993,0.9966,0.9984,0.8333,0.4725,2,1,Leaning on Desk
d0d57992a794,d0d57992a794_Leaning_on_Desk_1779807581,1779807606.477,197,0.4544,0.3914,0.1069,0.1497,0.3885,-32.8654,161.5147,1,0.2923,-0.31,-0.4544,-0.3582,-0.2993,32.8654,161.5147,1,0.9996,0.998,0.9991,0.8996,0.3055,2,1,Leaning on Desk
d0d57992a794,d0d57992a794_Leaning_on_Desk_1779807581,1779807606.745,198,0.4642,0.3778,0.1092,0.1529,0.4076,-34.054,162.4164,1,0.2861,-0.3168,-0.4642,-0.3769,-0.3168,34.054,162.4164,1,0.9998,0.9988,0.9995,0.9375,0.2265,2,1,Leaning on Desk
d0d57992a794,d0d57992a794_Looking_Away_1779807612,1779807615.234,199,0.6768,0.2934,0.0631,0.0401,5.0,-62.7806,-133.7009,0,0.2724,0.0172,-0.6768,0.2122,-0.6998,62.7806,133.7009,1,0.9993,0.9957,0.9978,0.02,0.0234,0,0,Looking Away
d0d57992a794,d0d57992a794_Looking_Away_1779807612,1779807615.5,200,0.6768,0.3019,0.0631,0.0401,5.0,-62.9633,-134.1121,0,0.2724,0.0172,-0.6768,0.2122,-0.6998,62.9633,134.1121,1,0.9994,0.996,0.998,0.0199,0.0232,0,0,Looking Away
d0d57992a794,d0d57992a794_Looking_Away_1779807612,1779807615.786,201,0.6768,0.2861,0.0631,0.0401,5.0,-62.7342,-133.5237,0,0.2724,0.0172,-0.6768,0.2122,-0.6998,62.7342,133.5237,1,0.9994,0.9957,0.9979,0.0202,0.0231,0,0,Looking Away
d0d57992a794,d0d57992a794_Looking_Away_1779807612,1779807616.058,202,0.6828,0.285,0.0574,0.0402,5.0,-59.2465,-131.6285,0,0.2723,0.023,-0.6828,0.218,-0.7057,59.2465,131.6285,1,0.9993,0.9952,0.9977,0.0195,0.0223,0,0,Looking Away
d0d57992a794,d0d57992a794_Looking_Away_1779807612,1779807616.335,203,0.6653,0.3161,0.0631,0.0287,5.0,-50.9803,-129.9509,0,0.2724,0.0459,-0.6653,0.2638,-0.6481,50.9803,129.9509,1,0.9989,0.9942,0.9971,0.0202,0.0222,0,0,Looking Away
d0d57992a794,d0d57992a794_Looking_Away_1779807612,1779807616.603,204,0.6395,0.3647,0.0807,0.0115,5.0,-44.0043,-126.6411,0,0.2712,0.0922,-0.6395,0.2996,-0.5877,44.0043,126.6411,1,0.9987,0.9944,0.997,0.0242,0.034,0,0,Looking Away
d0d57992a794,d0d57992a794_Looking_Away_1779807612,1779807616.877,205,0.6338,0.3331,0.0807,0.0058,5.0,-44.5955,-126.6522,0,0.2712,0.0922,-0.6338,0.2996,-0.5762,44.5955,126.6522,1,0.9986,0.9948,0.9969,0.0262,0.0372,0,0,Looking Away
d0d57992a794,d0d57992a794_Looking_Away_1779807612,1779807617.165,206,0.6374,0.2934,0.0811,0.0058,5.0,-45.6144,-127.4257,0,0.2696,0.0985,-0.6374,0.3071,-0.5795,45.6144,127.4257,1,0.9987,0.9954,0.997,0.0271,0.0353,0,0,Looking Away
d0d57992a794,d0d57992a794_Looking_Away_1779807612,1779807617.454,207,0.6374,0.3143,0.0811,0.0058,5.0,-45.105,-127.9942,0,0.2696,0.0985,-0.6374,0.3071,-0.5795,45.105,127.9942,1,0.9986,0.9953,0.9968,0.0275,0.0345,0,0,Looking Away
d0d57992a794,d0d57992a794_Looking_Away_1779807612,1779807617.709,208,0.6411,0.3261,0.0816,0.0058,5.0,-43.4849,-126.8963,0,0.2681,0.1049,-0.6411,0.3264,-0.5828,43.4849,126.8963,1,0.9986,0.9955,0.9966,0.0303,0.0364,0,0,Looking Away
d0d57992a794,d0d57992a794_Looking_Away_1779807612,1779807617.984,209,0.635,0.1695,0.0874,0.0058,5.0,0.0,0.0,0,0.2682,0.1456,-0.635,0.4194,-0.5826,0.0,0.0,0,0.9984,0.995,0.9965,0.0302,0.039,0,0,Looking Away
d0d57992a794,d0d57992a794_Looking_Away_1779807612,1779807618.27,210,0.6446,0.1349,0.1044,0.0061,5.0,0.0,0.0,0,0.2545,0.2394,-0.6446,0.5341,-0.5771,0.0,0.0,0,0.9987,0.9959,0.9973,0.0353,0.0426,0,0,Looking Away
d0d57992a794,d0d57992a794_Looking_Away_1779807612,1779807618.561,211,0.6347,0.1349,0.1194,0.0063,5.0,0.0,0.0,0,0.2487,0.2639,-0.6347,0.5718,-0.5593,0.0,0.0,0,0.9991,0.9972,0.9983,0.0496,0.0503,0,0,Looking Away
d0d57992a794,d0d57992a794_Looking_Away_1779807612,1779807618.857,212,0.6337,0.1369,0.1318,0.0,5.0,0.0,0.0,0,0.249,0.2635,-0.6337,0.5709,-0.5647,0.0,0.0,0,0.9994,0.9979,0.9988,0.0635,0.0493,0,0,Looking Away
d0d57992a794,d0d57992a794_Looking_Away_1779807612,1779807619.148,213,0.6355,0.1633,0.1371,0.0062,5.0,0.0,0.0,0,0.2508,0.2617,-0.6355,0.5607,-0.5607,0.0,0.0,0,0.9995,0.9982,0.999,0.0703,0.0496,0,0,Looking Away
d0d57992a794,d0d57992a794_Looking_Away_1779807612,1779807619.405,214,0.6457,0.1475,0.1379,0.0063,5.0,0.0,0.0,0,0.2493,0.257,-0.6457,0.5642,-0.5893,0.0,0.0,0,0.9995,0.9983,0.9991,0.0723,0.0479,0,0,Looking Away
d0d57992a794,d0d57992a794_Looking_Away_1779807612,1779807619.697,215,0.6997,0.1418,0.1278,0.0183,5.0,0.0,0.0,0,0.2568,0.1217,-0.6997,0.4016,-0.7302,0.0,0.0,0,0.9996,0.9978,0.9992,0.0605,0.0361,0,0,Looking Away
d0d57992a794,d0d57992a794_Looking_Away_1779807612,1779807619.986,216,0.697,0.1731,0.1013,0.0298,5.0,0.0,0.0,0,0.2623,0.0596,-0.697,0.2681,-0.7804,0.0,0.0,0,0.9997,0.9977,0.9993,0.0518,0.0326,0,0,Looking Away
d0d57992a794,d0d57992a794_Looking_Away_1779807612,1779807620.276,217,0.6914,0.183,0.0879,0.0293,5.0,0.0,0.0,0,0.2667,0.0586,-0.6914,0.2578,-0.7676,0.0,0.0,0,0.9998,0.9979,0.9994,0.0532,0.0295,0,0,Looking Away
d0d57992a794,d0d57992a794_Looking_Away_1779807612,1779807620.56,218,0.6976,0.1902,0.0821,0.0293,5.0,0.0,0.0,0,0.2665,0.0645,-0.6976,0.258,-0.768,0.0,0.0,0,0.9998,0.9981,0.9994,0.0558,0.0285,0,0,Looking Away
d0d57992a794,d0d57992a794_Looking_Away_1779807612,1779807620.835,219,0.6994,0.3095,0.0816,0.0233,5.0,-79.6849,-160.9242,0,0.2681,0.0408,-0.6994,0.1341,-0.7694,79.6849,160.9242,1,0.9998,0.9982,0.9995,0.0554,0.0325,0,0,Looking Away
d0d57992a794,d0d57992a794_Looking_Away_1779807612,1779807621.136,220,0.6848,0.3168,0.0995,0.0293,5.0,-86.3951,170.2261,0,0.2669,0.0351,-0.6848,0.041,-0.7668,86.3951,170.2261,1,0.9998,0.9985,0.9994,0.0729,0.0398,0,0,Looking Away
d0d57992a794,d0d57992a794_Looking_Away_1779807612,1779807621.414,221,0.6762,0.3226,0.1117,0.0412,5.0,-81.8411,174.6718,0,0.2657,0.0529,-0.6762,0.0588,-0.7585,81.8411,174.6718,1,0.9998,0.9985,0.9992,0.0749,0.0364,0,0,Looking Away
d0d57992a794,d0d57992a794_Looking_Away_1779807612,1779807621.692,222,0.6777,0.3419,0.1168,0.0409,5.0,-79.9905,-179.1895,0,0.2675,0.0526,-0.6777,0.0876,-0.7419,79.9905,179.1895,1,0.9998,0.9988,0.9994,0.0791,0.04,0,0,Looking Away
d0d57992a794,d0d57992a794_Looking_Away_1779807612,1779807621.965,223,0.688,0.3593,0.1117,0.0176,5.0,-78.9806,-176.0181,0,0.2657,0.0529,-0.688,0.0941,-0.7527,78.9806,176.0181,1,0.9999,0.9989,0.9995,0.0809,0.0428,0,0,Looking Away
d0d57992a794,d0d57992a794_Looking_Away_1779807612,1779807622.245,224,0.6903,0.2484,0.1053,0.0,5.0,-77.4322,-147.9254,0,0.2671,0.0585,-0.6903,0.1872,-0.7663,77.4322,147.9254,1,0.9998,0.9989,0.9993,0.0763,0.039,0,0,Looking Away
d0d57992a794,d0d57992a794_Looking_Away_1779807612,1779807622.527,225,0.6903,0.2579,0.1053,0.0,5.0,-78.7391,-147.1381,0,0.2671,0.0643,-0.6903,0.2047,-0.7722,78.7391,147.1381,1,0.9998,0.9987,0.9992,0.0635,0.0329,0,0,Looking Away
d0d57992a794,d0d57992a794_Looking_Away_1779807612,1779807622.811,226,0.6961,0.2664,0.1053,0.0058,5.0,-78.3092,-148.5974,0,0.2671,0.0643,-0.6961,0.1989,-0.7663,78.3092,148.5974,1,0.9998,0.9987,0.9993,0.0593,0.0303,0,0,Looking Away
d0d57992a794,d0d57992a794_Looking_Away_1779807612,1779807623.069,227,0.6961,0.2771,0.1053,0.0,5.0,-77.837,-150.0443,0,0.2671,0.0643,-0.6961,0.1872,-0.7663,77.837,150.0443,1,0.9998,0.9987,0.9993,0.0575,0.0286,0,0,Looking Away
d0d57992a794,d0d57992a794_Looking_Away_1779807612,1779807623.348,228,0.6858,0.3637,0.1104,0.0174,5.0,-84.3396,170.8617,0,0.2688,0.0581,-0.6858,0.0581,-0.7614,84.3396,170.8617,1,0.9998,0.9986,0.9993,0.0679,0.0362,0,0,Looking Away
d0d57992a794,d0d57992a794_Looking_Away_1779807612,1779807623.619,229,0.6993,0.2897,0.1175,0.0294,5.0,-82.3724,151.5057,0,0.2659,0.0588,-0.6993,-0.0353,-0.7815,82.3724,151.5057,1,0.9997,0.9981,0.9989,0.0787,0.0417,0,0,Looking Away
d0d57992a794,d0d57992a794_Looking_Away_1779807612,1779807623.903,230,0.7034,0.3711,0.1182,0.0296,5.0,-83.1994,154.1563,0,0.2644,0.0473,-0.7034,-0.0473,-0.7802,83.1994,154.1563,1,0.9996,0.9976,0.9985,0.0874,0.0444,0,0,Looking Away
d0d57992a794,d0d57992a794_Looking_Away_1779807612,1779807624.192,231,0.6975,0.3097,0.1182,0.0355,5.0,-83.2548,154.3817,0,0.2644,0.0532,-0.6975,-0.0414,-0.7802,83.2548,154.3817,1,0.9996,0.9974,0.9984,0.0877,0.0434,0,0,Looking Away
d0d57992a794,d0d57992a794_Looking_Away_1779807612,1779807624.477,232,0.7029,0.2691,0.124,0.0413,5.0,-77.9597,149.7423,0,0.2645,0.0532,-0.7029,-0.0473,-0.7796,77.9597,149.7423,1,0.9995,0.9974,0.9984,0.0863,0.0438,0,0,Looking Away
d0d57992a794,d0d57992a794_Looking_Away_1779807612,1779807624.753,233,0.7034,0.2834,0.1182,0.0414,5.0,-69.0494,133.4423,0,0.2644,0.0296,-0.7034,-0.1419,-0.7566,69.0494,133.4423,1,0.9995,0.9969,0.9983,0.1013,0.0473,0,0,Looking Away
d0d57992a794,d0d57992a794_Looking_Away_1779807612,1779807625.023,234,0.7067,0.2461,0.1078,0.0359,5.0,-38.944,117.4757,0,0.2609,-0.024,-0.7067,-0.2276,-0.7247,38.944,117.4757,1,0.9995,0.9966,0.9985,0.1152,0.0498,0,0,Looking Away
d0d57992a794,d0d57992a794_Looking_Away_1779807612,1779807625.288,235,0.7057,0.2664,0.1196,0.0419,5.0,-44.6149,118.806,0,0.2613,-0.0299,-0.7057,-0.2691,-0.6998,44.6149,118.806,1,0.9995,0.9962,0.9986,0.1253,0.0506,0,0,Looking Away
d0d57992a794,d0d57992a794_Looking_Away_1779807612,1779807625.55,236,0.6998,0.2986,0.1196,0.0419,5.0,-43.2627,119.5887,0,0.2613,-0.0299,-0.6998,-0.2751,-0.6938,43.2627,119.5887,1,0.9995,0.996,0.9987,0.1421,0.0503,0,0,Looking Away
d0d57992a794,d0d57992a794_Looking_Away_1779807612,1779807625.822,237,0.6929,0.2835,0.1084,0.0361,5.0,-43.3319,116.519,0,0.2593,-0.0482,-0.6929,-0.2892,-0.6748,43.3319,116.519,1,0.9994,0.996,0.9987,0.1526,0.0505,0,0,Looking Away
d0d57992a794,d0d57992a794_Looking_Away_1779807612,1779807626.108,238,0.5918,0.1713,0.0772,0.0386,5.0,-17.2928,110.5461,0,0.2429,-0.2509,-0.5918,-0.4953,-0.431,17.2928,110.5461,1,0.9971,0.9959,0.9962,0.1653,0.054,0,0,Looking Away
d0d57992a794,d0d57992a794_Looking_Away_1779807612,1779807626.384,239,0.56,0.1479,0.054,0.0472,5.0,-14.6582,117.4465,0,0.2316,-0.3171,-0.56,-0.56,-0.3576,14.6582,117.4465,1,0.9929,0.9958,0.9905,0.1886,0.0642,0,0,Looking Away
d0d57992a794,d0d57992a794_Looking_Away_1779807612,1779807626.651,240,0.5568,0.1627,0.0611,0.0475,5.0,0.0,0.0,0,0.2301,-0.3259,-0.5568,-0.5704,-0.3463,0.0,0.0,0,0.9876,0.9946,0.9818,0.1901,0.0681,0,0,Looking Away
d0d57992a794,d0d57992a794_Looking_Away_1779807612,1779807626.947,241,0.5328,0.1687,0.0607,0.0472,1.9416,0.0,0.0,0,0.2317,-0.3305,-0.5328,-0.5665,-0.317,0.0,0.0,0,0.9878,0.9954,0.9802,0.2017,0.0767,1,1,Looking Away
d0d57992a794,d0d57992a794_Looking_Away_1779807612,1779807627.225,242,0.4247,0.241,0.0674,0.0809,1.8284,0.0,0.0,0,0.2318,-0.3034,-0.4247,-0.4989,-0.2022,0.0,0.0,0,0.99,0.9967,0.9825,0.2208,0.0917,1,1,Looking Away
d0d57992a794,d0d57992a794_Looking_Away_1779807612,1779807627.522,243,0.3829,0.3342,0.0792,0.0792,5.0,0.0,0.0,0,0.2367,-0.2575,-0.3829,-0.3961,-0.1452,0.0,0.0,0,0.9936,0.9974,0.9885,0.1964,0.1051,0,0,Looking Away
d0d57992a794,d0d57992a794_Looking_Away_1779807612,1779807627.794,244,0.3931,0.2933,0.0917,0.0655,5.0,0.0,0.0,0,0.2385,-0.2489,-0.3931,-0.3996,-0.1507,0.0,0.0,0,0.9948,0.9978,0.9904,0.1835,0.1098,0,0,Looking Away
d0d57992a794,d0d57992a794_Looking_Away_1779807612,1779807628.051,245,0.397,0.3312,0.0911,0.0716,5.0,0.0,0.0,0,0.2401,-0.2408,-0.397,-0.397,-0.1497,0.0,0.0,0,0.9957,0.9981,0.9919,0.1773,0.1074,0,0,Looking Away
d0d57992a794,d0d57992a794_Looking_Away_1779807612,1779807628.33,246,0.4261,0.2465,0.0852,0.0524,5.0,0.0,0.0,0,0.2384,-0.2819,-0.4261,-0.472,-0.2229,0.0,0.0,0,0.9953,0.9981,0.9908,0.1705,0.0941,0,0,Looking Away
d0d57992a794,d0d57992a794_Looking_Away_1779807612,1779807628.624,247,0.6613,0.0867,0.0859,0.0601,5.0,0.0,0.0,0,0.1819,-0.584,-0.6613,-0.8503,-0.4552,0.0,0.0,0,0.9966,0.998,0.9936,0.1906,0.1365,0,0,Looking Away
d0d57992a794,d0d57992a794_Looking_Away_1779807612,1779807628.903,248,0.7022,0.0813,0.2341,0.063,2.3655,0.0,0.0,0,0.1736,-0.5491,-0.7022,-0.8372,-0.5221,0.0,0.0,0,0.998,0.9984,0.9964,0.2312,0.2407,2,1,Looking Away
d0d57992a794,d0d57992a794_Looking_Away_1779807612,1779807629.179,249,0.7252,0.0919,0.2662,0.0643,2.3576,0.0,0.0,0,0.1702,-0.5508,-0.7252,-0.8538,-0.5324,0.0,0.0,0,0.9988,0.9986,0.9979,0.2809,0.3276,2,1,Looking Away
d0d57992a794,d0d57992a794_Looking_Away_1779807612,1779807629.451,250,0.7252,0.0901,0.2662,0.0643,2.3935,0.0,0.0,0,0.1702,-0.5508,-0.7252,-0.8262,-0.5324,0.0,0.0,0,0.9992,0.9986,0.9987,0.3079,0.3686,2,1,Looking Away
d0d57992a794,d0d57992a794_Looking_Away_1779807612,1779807629.729,251,0.7078,0.3248,0.1903,0.0989,2.4316,-41.8657,156.1982,0,0.2053,-0.3349,-0.7078,-0.4947,-0.5784,41.8657,156.1982,1,0.9992,0.9983,0.9985,0.3587,0.3049,2,1,Looking Away
d0d57992a794,d0d57992a794_Looking_Away_1779807612,1779807629.992,252,0.6095,0.1345,0.1724,0.0246,2.4964,0.0,0.0,0,0.2538,0.2832,-0.6095,0.5725,-0.5418,0.0,0.0,0,0.9988,0.9974,0.9979,0.2534,0.19,1,1,Looking Away
d0d57992a794,d0d57992a794_Looking_Away_1779807612,1779807630.272,253,0.4499,0.0777,0.2979,0.0182,2.4256,0.0,0.0,0,0.257,0.4378,-0.4499,0.6688,-0.3162,0.0,0.0,0,0.9979,0.9975,0.9963,0.2003,0.1174,1,1,Looking Away
d0d57992a794,d0d57992a794_Looking_Away_1779807612,1779807630.548,254,0.4097,0.0697,0.3201,0.032,2.4058,0.0,0.0,0,0.2441,0.4353,-0.4097,0.6785,-0.2304,0.0,0.0,0,0.9986,0.998,0.9975,0.237,0.0883,1,1,Looking Away
d0d57992a794,d0d57992a794_Looking_Away_1779807612,1779807630.833,255,0.4088,0.0693,0.3258,0.0256,2.4633,0.0,0.0,0,0.2446,0.4344,-0.4088,0.6835,-0.2364,0.0,0.0,0,0.9992,0.9986,0.9985,0.2753,0.0713,1,1,Looking Away
d0d57992a794,d0d57992a794_Looking_Away_1779807612,1779807631.108,256,0.4242,0.0722,0.3278,0.0257,2.5263,0.0,0.0,0,0.2431,0.437,-0.4242,0.7005,-0.2699,0.0,0.0,0,0.9995,0.9989,0.999,0.2983,0.0653,1,1,Looking Away
d0d57992a794,d0d57992a794_Looking_Away_1779807612,1779807631.376,257,0.4544,0.1073,0.305,0.0249,2.5062,0.0,0.0,0,0.251,0.4046,-0.4544,0.666,-0.3299,0.0,0.0,0,0.9996,0.9988,0.9992,0.2694,0.0629,1,1,Looking Away
d0d57992a794,d0d57992a794_Looking_Away_1779807612,1779807631.653,258,0.5481,0.1052,0.2932,0.0255,2.6115,0.0,0.0,0,0.2451,0.3697,-0.5481,0.6374,-0.4398,0.0,0.0,0,0.9996,0.9987,0.9991,0.2578,0.0562,1,1,Looking Away
d0d57992a794,d0d57992a794_Looking_Away_1779807612,1779807631.942,259,0.5629,0.1009,0.2945,0.0131,2.6529,0.0,0.0,0,0.2387,0.3469,-0.5629,0.6349,-0.4516,0.0,0.0,0,0.9997,0.9988,0.9994,0.2866,0.0513,1,1,Looking Away
d0d57992a794,d0d57992a794_Looking_Away_1779807612,1779807632.222,260,0.7101,0.2705,0.1634,0.0566,2.3329,0.0,0.0,0,0.2487,0.0754,-0.7101,-0.1445,-0.7164,0.0,0.0,0,0.9998,0.9988,0.9996,0.2553,0.05,1,1,Looking Away
d0d57992a794,d0d57992a794_Looking_Away_1779807612,1779807632.512,261,0.7531,0.1132,0.0891,0.0405,2.3987,0.0,0.0,0,0.193,-0.332,-0.7531,-0.6154,-0.6397,0.0,0.0,0,0.9998,0.999,0.9997,0.2587,0.1041,1,1,Looking Away
d0d57992a794,d0d57992a794_Looking_Away_1779807612,1779807632.791,262,0.7071,0.099,0.1414,0.025,2.3827,0.0,0.0,0,0.1878,-0.3577,-0.7071,-0.6489,-0.6073,0.0,0.0,0,0.9998,0.9993,0.9998,0.3037,0.2149,2,1,Looking Away
d0d57992a794,d0d57992a794_Looking_Away_1779807612,1779807633.077,263,0.7231,0.1194,0.1616,0.017,2.4453,0.0,0.0,0,0.1837,-0.3488,-0.7231,-0.638,-0.6295,0.0,0.0,0,0.9997,0.999,0.9996,0.3307,0.2402,2,1,Looking Away
d0d57992a794,d0d57992a794_Looking_Away_1779807612,1779807633.347,264,0.7151,0.1,0.1767,0.0168,2.4138,0.0,0.0,0,0.1857,-0.3533,-0.7151,-0.6394,-0.6225,0.0,0.0,0,0.9997,0.999,0.9997,0.345,0.2626,2,1,Looking Away
d0d57992a794,d0d57992a794_Looking_Away_1779807612,1779807633.616,265,0.721,0.1197,0.1781,0.017,2.4266,0.0,0.0,0,0.1842,-0.3563,-0.721,-0.6532,-0.6277,0.0,0.0,0,0.9996,0.9987,0.9995,0.3731,0.2943,2,1,Looking Away
d0d57992a794,d0d57992a794_Looking_Away_1779807612,1779807633.874,266,0.8268,0.1074,0.1521,0.0,2.7548,0.0,0.0,0,0.1644,-0.3611,-0.8268,-0.7033,-0.7698,0.0,0.0,0,0.9992,0.998,0.9991,0.3996,0.3303,2,1,Looking Away
d0d57992a794,d0d57992a794_Looking_Away_1779807612,1779807634.15,267,0.9682,0.1098,0.1414,0.0109,3.1484,0.0,0.0,0,0.1436,-0.3916,-0.9682,-0.7833,-0.9138,0.0,0.0,0,0.9983,0.996,0.9983,0.3595,0.3112,2,1,Looking Away
d0d57992a794,d0d57992a794_Looking_Away_1779807612,1779807634.403,268,1.0117,0.1063,0.1461,0.0,3.253,0.0,0.0,0,0.139,-0.4159,-1.0117,-0.8319,-0.9555,0.0,0.0,0,0.9982,0.9943,0.9982,0.3123,0.2592,2,1,Looking Away
d0d57992a794,d0d57992a794_Looking_Away_1779807612,1779807634.68,269,1.0601,0.1122,0.1398,0.0,3.3551,0.0,0.0,0,0.1341,-0.4543,-1.0601,-0.8737,-1.0018,0.0,0.0,0,0.9977,0.9922,0.9977,0.2907,0.2296,2,1,Looking Away
d0d57992a794,d0d57992a794_Looking_Away_1779807612,1779807634.952,270,1.3313,0.0569,0.1331,0.0148,3.9367,0.0,0.0,0,0.1056,-0.6361,-1.3313,-1.1538,-1.213,0.0,0.0,0,0.9969,0.9891,0.9974,0.2494,0.227,2,1,Looking Away
d0d57992a794,d0d57992a794_Looking_Away_1779807612,1779807635.241,271,5.3964,-0.0558,0.2425,0.0606,5.0,0.0,0.0,0,0.0258,-2.6073,-5.3964,-4.7294,-4.9113,0.0,0.0,0,0.9952,0.9847,0.9962,0.1976,0.1921,0,0,Looking Away
d9b548e05a77,d9b548e05a77_Focused_1779807716,1779807720.03,0,0.6576,0.4641,0.0109,0.0163,5.0,-51.4495,176.6076,0,0.2875,-0.0272,-0.6576,-0.0652,-0.6304,51.4495,176.6076,1,0.9999,0.9989,0.9997,0.062,0.068,0,0,Focused
d9b548e05a77,d9b548e05a77_Focused_1779807716,1779807720.312,1,0.6576,0.4481,0.0109,0.0163,5.0,-51.4569,176.6734,0,0.2875,-0.0272,-0.6576,-0.0652,-0.6304,51.4569,176.6734,1,0.9999,0.9989,0.9997,0.062,0.0681,0,0,Focused
d9b548e05a77,d9b548e05a77_Focused_1779807716,1779807720.608,2,0.6576,0.4833,0.0109,0.0163,5.0,-50.9871,176.8666,0,0.2875,-0.0272,-0.6576,-0.0652,-0.6304,50.9871,176.8666,1,0.9999,0.9989,0.9997,0.064,0.0683,0,0,Focused
d9b548e05a77,d9b548e05a77_Focused_1779807716,1779807720.88,3,0.6521,0.4744,0.0163,0.0163,5.0,-50.9874,176.8272,0,0.2875,-0.0272,-0.6521,-0.0652,-0.6249,50.9874,176.8272,1,0.9999,0.9988,0.9997,0.0695,0.0744,0,0,Focused
d9b548e05a77,d9b548e05a77_Focused_1779807716,1779807721.152,4,0.6521,0.4279,0.0163,0.0163,5.0,-50.8562,176.9104,0,0.2875,-0.0217,-0.6521,-0.0652,-0.6249,50.8562,176.9104,1,0.9999,0.9989,0.9998,0.0653,0.0699,0,0,Focused
d9b548e05a77,d9b548e05a77_Focused_1779807716,1779807721.444,5,0.661,0.51,0.0273,0.0164,5.0,-52.327,175.8487,0,0.286,-0.0218,-0.661,-0.0492,-0.6282,52.327,175.8487,1,0.9999,0.9988,0.9997,0.0609,0.067,0,0,Focused
d9b548e05a77,d9b548e05a77_Focused_1779807716,1779807721.746,6,0.6332,0.4857,0.0739,0.0106,5.0,-47.261,177.911,0,0.2961,-0.0211,-0.6332,-0.058,-0.5857,47.261,177.911,1,0.9997,0.9982,0.9992,0.0571,0.0767,0,0,Focused
d9b548e05a77,d9b548e05a77_Focused_1779807716,1779807722.025,7,0.6057,0.4382,0.0645,0.0199,5.0,-47.2017,177.9778,0,0.3147,-0.0248,-0.6057,-0.0546,-0.5561,47.2017,177.9778,1,0.9997,0.9979,0.999,0.0405,0.0657,0,0,Focused
d9b548e05a77,d9b548e05a77_Focused_1779807716,1779807722.306,8,0.6012,0.4789,0.0485,0.0145,5.0,-47.5171,177.2957,0,0.3223,-0.0291,-0.6012,-0.0727,-0.543,47.5171,177.2957,1,0.9996,0.9974,0.9988,0.0296,0.0589,0,0,Focused
d9b548e05a77,d9b548e05a77_Focused_1779807716,1779807722.583,9,0.5885,0.5174,0.0531,0.0145,5.0,-43.7906,174.7861,0,0.3239,-0.0338,-0.5885,-0.0868,-0.5307,43.7906,174.7861,1,0.9995,0.9971,0.9984,0.0233,0.0559,0,0,Focused
d9b548e05a77,d9b548e05a77_Focused_1779807716,1779807722.869,10,0.576,0.5352,0.0823,0.0137,5.0,-44.5071,175.4613,0,0.3418,-0.0411,-0.576,-0.1051,-0.5166,44.5071,175.4613,1,0.9996,0.9976,0.9986,0.0225,0.0479,0,0,Focused
d9b548e05a77,d9b548e05a77_Focused_1779807716,1779807723.125,11,0.5628,0.547,0.0616,0.0132,5.0,-44.8844,176.2409,0,0.3554,-0.0308,-0.5628,-0.0923,-0.5013,44.8844,176.2409,1,0.9997,0.998,0.999,0.0179,0.0362,0,0,Focused
d9b548e05a77,d9b548e05a77_Focused_1779807716,1779807723.406,12,0.5599,0.5658,0.0178,0.0044,5.0,-38.2829,176.2424,0,0.3516,-0.0178,-0.5599,-0.0667,-0.5021,38.2829,176.2424,1,0.9997,0.9981,0.9992,0.0172,0.0311,0,0,Focused
d9b548e05a77,d9b548e05a77_Focused_1779807716,1779807723.658,13,0.5979,0.5636,0.0245,0.0,5.0,-51.5285,176.9573,0,0.3188,-0.0196,-0.5979,-0.0441,-0.5685,51.5285,176.9573,1,0.9996,0.9979,0.9991,0.0223,0.0422,0,0,Focused
d9b548e05a77,d9b548e05a77_Focused_1779807716,1779807723.938,14,0.6518,0.5506,0.0166,0.0055,5.0,-52.9285,177.2186,0,0.2829,-0.0166,-0.6518,-0.0276,-0.6187,52.9285,177.2186,1,0.9996,0.9974,0.999,0.048,0.0795,0,0,Focused
d9b548e05a77,d9b548e05a77_Focused_1779807716,1779807724.188,15,0.6685,0.5378,0.0114,0.0114,5.0,-53.2722,177.4734,0,0.2735,-0.0057,-0.6685,-0.0343,-0.6285,53.2722,177.4734,1,0.9997,0.9978,0.9992,0.0806,0.1403,0,0,Focused
d9b548e05a77,d9b548e05a77_Focused_1779807716,1779807724.476,16,0.6704,0.5018,0.0173,0.0058,5.0,-53.7317,177.6499,0,0.2704,-0.0058,-0.6704,-0.0347,-0.6242,53.7317,177.6499,1,0.9997,0.9981,0.9994,0.0966,0.1543,0,0,Focused
d9b548e05a77,d9b548e05a77_Focused_1779807716,1779807724.759,17,0.6722,0.5556,0.023,0.0057,5.0,-55.2986,174.2067,0,0.2719,-0.0057,-0.6722,-0.0345,-0.632,55.2986,174.2067,1,0.9998,0.998,0.9996,0.121,0.1873,0,0,Focused
d9b548e05a77,d9b548e05a77_Focused_1779807716,1779807725.019,18,0.6084,0.4725,0.0396,0.0198,5.0,-53.0373,178.8801,0,0.3159,-0.0346,-0.6084,-0.0346,-0.5886,53.0373,178.8801,1,0.9998,0.9978,0.9996,0.1145,0.1658,0,0,Focused
d9b548e05a77,d9b548e05a77_Focused_1779807716,1779807725.286,19,0.5954,0.5345,0.0756,0.0095,5.0,-49.6584,-179.1575,0,0.3306,0.0,-0.5954,0.0095,-0.5576,49.6584,179.1575,1,0.9998,0.9978,0.9996,0.073,0.1031,0,0,Focused
d9b548e05a77,d9b548e05a77_Focused_1779807716,1779807725.557,20,0.5697,0.5298,0.0781,0.0,5.0,-47.5778,-177.2496,0,0.3401,0.0046,-0.5697,0.023,-0.5191,47.5778,177.2496,1,0.9998,0.9979,0.9995,0.0488,0.0734,0,0,Focused
d9b548e05a77,d9b548e05a77_Focused_1779807716,1779807725.842,21,0.5671,0.5278,0.0777,0.0046,5.0,-47.5808,-176.9635,0,0.3417,0.0091,-0.5671,0.032,-0.5122,47.5808,176.9635,1,0.9998,0.9975,0.9994,0.0341,0.056,0,0,Focused
d9b548e05a77,d9b548e05a77_Focused_1779807716,1779807726.107,22,0.56,0.526,0.0774,0.0,5.0,-47.7942,176.5221,0,0.3432,-0.0046,-0.56,-0.041,-0.5099,47.7942,176.5221,1,0.9998,0.9974,0.9993,0.0258,0.0474,0,0,Focused
d9b548e05a77,d9b548e05a77_Focused_1779807716,1779807726.379,23,0.5543,0.5294,0.1,0.0227,5.0,-50.2604,170.0199,0,0.3439,-0.0227,-0.5543,-0.1181,-0.4998,50.2604,170.0199,1,0.9997,0.9977,0.9992,0.0216,0.0411,0,0,Focused
d9b548e05a77,d9b548e05a77_Focused_1779807716,1779807726.643,24,0.5576,0.5305,0.0968,0.0276,5.0,-48.5687,169.682,0,0.3391,-0.0276,-0.5576,-0.1152,-0.5023,48.5687,169.682,1,0.9995,0.9974,0.9987,0.0188,0.0365,0,0,Focused
d9b548e05a77,d9b548e05a77_Focused_1779807716,1779807726.922,25,0.558,0.5394,0.0876,0.0277,5.0,-48.8951,169.6449,0,0.3388,-0.0231,-0.558,-0.1107,-0.5073,48.8951,169.6449,1,0.9994,0.9973,0.9984,0.0171,0.035,0,0,Focused
d9b548e05a77,d9b548e05a77_Focused_1779807716,1779807727.194,26,0.5583,0.536,0.083,0.0277,5.0,-44.3344,170.8531,0,0.3387,-0.0231,-0.5583,-0.1061,-0.4937,44.3344,170.8531,1,0.9993,0.9973,0.9981,0.0161,0.0336,0,0,Focused
d9b548e05a77,d9b548e05a77_Focused_1779807716,1779807727.476,27,0.5518,0.5019,0.0788,0.0232,5.0,-44.0467,170.5649,0,0.337,-0.0185,-0.5518,-0.102,-0.4869,44.0467,170.5649,1,0.9991,0.9969,0.9977,0.0143,0.0296,0,0,Focused
d9b548e05a77,d9b548e05a77_Focused_1779807716,1779807727.727,28,0.5497,0.5117,0.0792,0.0233,5.0,-43.0215,171.0514,0,0.3354,-0.0186,-0.5497,-0.0978,-0.4798,43.0215,171.0514,1,0.999,0.9964,0.9973,0.0137,0.0296,0,0,Focused
d9b548e05a77,d9b548e05a77_Focused_1779807716,1779807728.01,29,0.5479,0.5104,0.0702,0.0281,5.0,-39.4241,178.1757,0,0.3336,-0.0187,-0.5479,-0.0843,-0.4824,39.4241,178.1757,1,0.999,0.9962,0.9972,0.0136,0.0328,0,0,Focused
d9b548e05a77,d9b548e05a77_Focused_1779807716,1779807728.274,30,0.5456,0.5555,0.0653,0.0187,5.0,-39.9474,-177.6766,0,0.3351,-0.014,-0.5456,-0.056,-0.4803,39.9474,177.6766,1,0.999,0.9959,0.9974,0.0132,0.0335,0,0,Focused
d9b548e05a77,d9b548e05a77_Focused_1779807716,1779807728.572,31,0.5481,0.5613,0.0656,0.0141,5.0,-38.9679,-177.9752,0,0.3335,-0.0047,-0.5481,-0.0422,-0.4825,38.9679,177.9752,1,0.9991,0.9958,0.9976,0.0138,0.0376,0,0,Focused
d9b548e05a77,d9b548e05a77_Focused_1779807716,1779807728.852,32,0.5386,0.5531,0.0702,0.0187,5.0,-38.9231,-178.103,0,0.3336,0.0,-0.5386,-0.0375,-0.473,38.9231,178.103,1,0.9991,0.9961,0.9979,0.0143,0.0396,0,0,Focused
d9b548e05a77,d9b548e05a77_Focused_1779807716,1779807729.148,33,0.5386,0.5541,0.0702,0.014,5.0,-38.5719,-178.2841,0,0.3336,0.0,-0.5386,-0.0328,-0.473,38.5719,178.2841,1,0.9992,0.9962,0.998,0.0145,0.0411,0,0,Focused
d9b548e05a77,d9b548e05a77_Focused_1779807716,1779807729.431,34,0.5431,0.5548,0.0749,0.014,5.0,-36.8668,176.1707,0,0.3338,0.0,-0.5431,-0.0375,-0.4775,36.8668,176.1707,1,0.9993,0.9964,0.9982,0.0171,0.0439,0,0,Focused
d9b548e05a77,d9b548e05a77_Focused_1779807716,1779807729.726,35,0.5454,0.552,0.0699,0.0093,5.0,-45.3745,177.3846,0,0.3352,-0.0047,-0.5454,-0.0559,-0.4895,45.3745,177.3846,1,0.9993,0.9967,0.9983,0.0224,0.0507,0,0,Focused
d9b548e05a77,d9b548e05a77_Focused_1779807716,1779807730.009,36,0.5751,0.5651,0.0618,0.0095,5.0,-46.7857,175.0104,0,0.3288,0.0,-0.5751,-0.0475,-0.5371,46.7857,175.0104,1,0.9994,0.9971,0.9986,0.0306,0.0598,0,0,Focused
d9b548e05a77,d9b548e05a77_Focused_1779807716,1779807730.296,37,0.6071,0.5293,0.0552,0.0151,5.0,-53.9086,176.8479,0,0.3114,0.0,-0.6071,-0.0401,-0.567,53.9086,176.8479,1,0.9994,0.9975,0.9986,0.032,0.0586,0,0,Focused
d9b548e05a77,d9b548e05a77_Focused_1779807716,1779807730.558,38,0.6272,0.5081,0.0372,0.0266,5.0,-52.437,175.7861,0,0.294,-0.0159,-0.6272,-0.0585,-0.5847,52.437,175.7861,1,0.9994,0.9972,0.9985,0.0408,0.0594,0,0,Focused
d9b548e05a77,d9b548e05a77_Focused_1779807716,1779807730.848,39,0.6287,0.4899,0.0322,0.0322,5.0,-51.4426,175.8077,0,0.2908,-0.0215,-0.6287,-0.0699,-0.5857,51.4426,175.8077,1,0.9996,0.9977,0.999,0.0513,0.0623,0,0,Focused
d9b548e05a77,d9b548e05a77_Focused_1779807716,1779807731.146,40,0.6321,0.5626,0.0324,0.0324,5.0,-53.0058,175.7805,0,0.2892,-0.0324,-0.6321,-0.0918,-0.5889,53.0058,175.7805,1,0.9996,0.9979,0.999,0.0533,0.0647,0,0,Focused
d9b548e05a77,d9b548e05a77_Focused_1779807716,1779807731.424,41,0.6124,0.4661,0.0209,0.0209,5.0,-51.5482,175.4177,0,0.2985,-0.0576,-0.6124,-0.1309,-0.5706,51.5482,175.4177,1,0.9996,0.9979,0.999,0.0512,0.0865,0,0,Focused
d9b548e05a77,d9b548e05a77_Focused_1779807716,1779807731.701,42,0.607,0.4637,0.0204,0.0204,5.0,-49.6497,175.6237,0,0.3063,-0.0561,-0.607,-0.1173,-0.5611,49.6497,175.6237,1,0.9995,0.9975,0.9987,0.0379,0.0768,0,0,Focused
d9b548e05a77,d9b548e05a77_Focused_1779807716,1779807731.985,43,0.6078,0.4745,0.0251,0.0201,5.0,-48.9074,175.5026,0,0.311,-0.0452,-0.6078,-0.1105,-0.5626,48.9074,175.5026,1,0.9996,0.9978,0.9989,0.0288,0.0649,0,0,Focused
d9b548e05a77,d9b548e05a77_Focused_1779807716,1779807732.276,44,0.6089,0.5585,0.0304,0.0203,5.0,-48.2545,177.0363,0,0.308,-0.0406,-0.6089,-0.0863,-0.5683,48.2545,177.0363,1,0.9996,0.9977,0.999,0.0328,0.0758,0,0,Focused
d9b548e05a77,d9b548e05a77_Focused_1779807716,1779807732.56,45,0.6186,0.5477,0.037,0.0211,5.0,-50.3607,177.4037,0,0.2955,-0.0159,-0.6186,-0.0687,-0.571,50.3607,177.4037,1,0.9996,0.9976,0.9988,0.0417,0.0688,0,0,Focused
d9b548e05a77,d9b548e05a77_Focused_1779807716,1779807732.868,46,0.6186,0.5287,0.037,0.0211,5.0,-50.741,177.7072,0,0.2955,-0.0106,-0.6186,-0.0476,-0.5816,50.741,177.7072,1,0.9996,0.9974,0.9989,0.0442,0.0557,0,0,Focused
d9b548e05a77,d9b548e05a77_Focused_1779807716,1779807733.145,47,0.6186,0.5095,0.037,0.0211,5.0,-51.385,177.3574,0,0.2955,-0.0053,-0.6186,-0.037,-0.5869,51.385,177.3574,1,0.9997,0.9976,0.9991,0.0468,0.0491,0,0,Focused
d9b548e05a77,d9b548e05a77_Slouching_1779807746,1779807749.435,48,0.3941,0.5751,0.0444,0.0611,5.0,0.0,0.0,0,0.2815,-0.0999,-0.3941,-0.1443,-0.1443,0.0,0.0,0,0.9973,0.9967,0.9922,0.0545,0.0556,0,0,Slouching
d9b548e05a77,d9b548e05a77_Slouching_1779807746,1779807749.708,49,0.3941,0.5982,0.0444,0.0611,5.0,0.0,0.0,0,0.2815,-0.0999,-0.3941,-0.1388,-0.1443,0.0,0.0,0,0.9974,0.9967,0.9928,0.0568,0.0574,0,0,Slouching
d9b548e05a77,d9b548e05a77_Slouching_1779807746,1779807749.995,50,0.3885,0.5966,0.0444,0.0666,5.0,0.0,0.0,0,0.2815,-0.0999,-0.3885,-0.1388,-0.1443,0.0,0.0,0,0.9977,0.9966,0.9936,0.0564,0.0601,0,0,Slouching
d9b548e05a77,d9b548e05a77_Slouching_1779807746,1779807750.246,51,0.3885,0.6187,0.0444,0.0666,5.0,0.0,0.0,0,0.2815,-0.0999,-0.3885,-0.1388,-0.1443,0.0,0.0,0,0.9979,0.9963,0.9942,0.0596,0.0647,0,0,Slouching
d9b548e05a77,d9b548e05a77_Slouching_1779807746,1779807750.521,52,0.3907,0.6191,0.0446,0.067,5.0,0.0,0.0,0,0.28,-0.1005,-0.3907,-0.1395,-0.1507,0.0,0.0,0,0.9981,0.9962,0.9946,0.0654,0.0703,0,0,Slouching
d9b548e05a77,d9b548e05a77_Slouching_1779807746,1779807750.806,53,0.387,0.6098,0.0561,0.0449,5.0,0.0,0.0,0,0.2786,-0.0897,-0.387,-0.1402,-0.1514,0.0,0.0,0,0.9981,0.9963,0.9946,0.0719,0.0754,0,0,Slouching
d9b548e05a77,d9b548e05a77_Slouching_1779807746,1779807751.059,54,0.3493,0.5954,0.0732,0.0113,5.0,0.0,0.0,0,0.2773,-0.0225,-0.3493,-0.1014,-0.1127,0.0,0.0,0,0.9974,0.9969,0.9936,0.0748,0.0656,0,0,Slouching
d9b548e05a77,d9b548e05a77_Slouching_1779807746,1779807751.336,55,0.3362,0.5994,0.0716,0.0,5.0,0.0,0.0,0,0.2835,0.022,-0.3362,0.0,-0.0937,0.0,0.0,0,0.9977,0.9969,0.9947,0.06,0.0528,0,0,Slouching
d9b548e05a77,d9b548e05a77_Slouching_1779807746,1779807751.606,56,0.3358,0.6316,0.0813,0.0,5.0,0.0,0.0,0,0.2885,0.0217,-0.3358,0.0108,-0.0921,0.0,0.0,0,0.9982,0.9971,0.996,0.0496,0.0426,0,0,Slouching
d9b548e05a77,d9b548e05a77_Slouching_1779807746,1779807751.89,57,0.3266,0.6442,0.091,0.0107,5.0,0.0,0.0,0,0.2918,0.0161,-0.3266,-0.0107,-0.0857,0.0,0.0,0,0.9986,0.9973,0.9971,0.0458,0.0356,0,0,Slouching
d9b548e05a77,d9b548e05a77_Slouching_1779807746,1779807752.147,58,0.3091,0.5225,0.1012,0.0056,5.0,0.0,0.0,0,0.278,-0.0731,-0.3091,-0.1911,-0.0731,0.0,0.0,0,0.9977,0.9971,0.9955,0.0647,0.0466,0,0,Slouching
d9b548e05a77,d9b548e05a77_Slouching_1779807746,1779807752.427,59,0.2663,0.4783,0.1065,0.0414,5.0,0.0,0.0,0,0.264,-0.1598,-0.2663,-0.2723,-0.0296,0.0,0.0,0,0.9976,0.9964,0.9954,0.1046,0.0811,0,0,Slouching
d9b548e05a77,d9b548e05a77_Slouching_1779807746,1779807752.705,60,0.2847,0.5321,0.1151,0.0363,5.0,0.0,0.0,0,0.258,-0.1938,-0.2847,-0.315,-0.0424,0.0,0.0,0,0.9976,0.995,0.9957,0.1126,0.097,0,0,Slouching
d9b548e05a77,d9b548e05a77_Slouching_1779807746,1779807752.99,61,0.3144,0.5053,0.1233,0.0185,5.0,0.0,0.0,0,0.2535,-0.1972,-0.3144,-0.3328,-0.0616,0.0,0.0,0,0.9977,0.9924,0.9959,0.1162,0.1058,0,0,Slouching
d9b548e05a77,d9b548e05a77_Slouching_1779807746,1779807753.249,62,0.3222,0.4734,0.1301,0.0124,5.0,0.0,0.0,0,0.2521,-0.1983,-0.3222,-0.347,-0.0744,0.0,0.0,0,0.9981,0.9915,0.9966,0.1311,0.1184,0,0,Slouching
d9b548e05a77,d9b548e05a77_Slouching_1779807746,1779807753.516,63,0.3282,0.5209,0.079,0.0182,5.0,0.0,0.0,0,0.2571,-0.1398,-0.3282,-0.2553,-0.0729,0.0,0.0,0,0.9977,0.9921,0.9958,0.1218,0.1252,0,0,Slouching
d9b548e05a77,d9b548e05a77_Slouching_1779807746,1779807753.807,64,0.3371,0.5635,0.0429,0.0368,5.0,0.0,0.0,0,0.2549,-0.1348,-0.3371,-0.2452,-0.0858,0.0,0.0,0,0.9973,0.9909,0.995,0.0816,0.1151,0,0,Slouching
d9b548e05a77,d9b548e05a77_Slouching_1779807746,1779807754.086,65,0.3313,0.5832,0.0181,0.0482,5.0,0.0,0.0,0,0.2594,-0.1385,-0.3313,-0.2168,-0.0783,0.0,0.0,0,0.9969,0.9871,0.9936,0.0533,0.1098,0,0,Slouching
d9b548e05a77,d9b548e05a77_Slouching_1779807746,1779807754.365,66,0.325,0.6369,0.0684,0.057,5.0,0.0,0.0,0,0.2741,-0.0912,-0.325,-0.0969,-0.0855,0.0,0.0,0,0.996,0.9803,0.9889,0.0355,0.102,0,0,Slouching
d9b548e05a77,d9b548e05a77_Slouching_1779807746,1779807754.622,67,0.3173,0.6382,0.0737,0.0623,5.0,0.0,0.0,0,0.2757,-0.085,-0.3173,-0.0963,-0.0737,0.0,0.0,0,0.9959,0.9791,0.9874,0.0282,0.0922,0,0,Slouching
d9b548e05a77,d9b548e05a77_Slouching_1779807746,1779807754.909,68,0.3174,0.6441,0.068,0.0624,5.0,0.0,0.0,0,0.2756,-0.0907,-0.3174,-0.0964,-0.0737,0.0,0.0,0,0.996,0.9783,0.9872,0.0245,0.0894,0,0,Slouching
d9b548e05a77,d9b548e05a77_Slouching_1779807746,1779807755.183,69,0.319,0.6431,0.0797,0.0627,5.0,0.0,0.0,0,0.2743,-0.0797,-0.319,-0.0854,-0.0684,0.0,0.0,0,0.9963,0.9783,0.9876,0.0229,0.0883,0,0,Slouching
d9b548e05a77,d9b548e05a77_Slouching_1779807746,1779807755.485,70,0.3205,0.6848,0.0916,0.0572,5.0,0.0,0.0,0,0.273,-0.0744,-0.3205,-0.0744,-0.0687,0.0,0.0,0,0.9963,0.9769,0.9879,0.0229,0.0836,0,0,Slouching
d9b548e05a77,d9b548e05a77_Slouching_1779807746,1779807755.748,71,0.3185,0.671,0.0967,0.0569,5.0,0.0,0.0,0,0.2747,-0.0683,-0.3185,-0.0626,-0.0683,0.0,0.0,0,0.996,0.975,0.9876,0.0221,0.072,0,0,Slouching
d9b548e05a77,d9b548e05a77_Slouching_1779807746,1779807756.025,72,0.3188,0.6271,0.0854,0.0569,5.0,0.0,0.0,0,0.2744,-0.0626,-0.3188,-0.074,-0.0683,0.0,0.0,0,0.9971,0.9816,0.9913,0.0223,0.067,0,0,Slouching
d9b548e05a77,d9b548e05a77_Slouching_1779807746,1779807756.307,73,0.3209,0.6384,0.0844,0.0507,5.0,0.0,0.0,0,0.2776,-0.0619,-0.3209,-0.0788,-0.0732,0.0,0.0,0,0.9976,0.9855,0.9932,0.0206,0.0676,0,0,Slouching
d9b548e05a77,d9b548e05a77_Slouching_1779807746,1779807756.56,74,0.3209,0.6651,0.0844,0.0563,5.0,0.0,0.0,0,0.2776,-0.0619,-0.3209,-0.0732,-0.0732,0.0,0.0,0,0.9976,0.9865,0.9934,0.0195,0.0698,0,0,Slouching
d9b548e05a77,d9b548e05a77_Slouching_1779807746,1779807756.846,75,0.3227,0.6457,0.089,0.0556,5.0,0.0,0.0,0,0.2808,-0.0612,-0.3227,-0.0779,-0.0779,0.0,0.0,0,0.9974,0.9874,0.9931,0.0198,0.0758,0,0,Slouching
d9b548e05a77,d9b548e05a77_Slouching_1779807746,1779807757.123,76,0.3266,0.6441,0.083,0.0498,5.0,0.0,0.0,0,0.2822,-0.0664,-0.3266,-0.083,-0.083,0.0,0.0,0,0.9969,0.9886,0.9917,0.0183,0.0786,0,0,Slouching
d9b548e05a77,d9b548e05a77_Slouching_1779807746,1779807757.383,77,0.3214,0.6292,0.072,0.0499,5.0,0.0,0.0,0,0.282,-0.072,-0.3214,-0.0942,-0.0831,0.0,0.0,0,0.9968,0.9897,0.9911,0.0177,0.0843,0,0,Slouching
d9b548e05a77,d9b548e05a77_Slouching_1779807746,1779807757.674,78,0.3215,0.6142,0.0665,0.0443,5.0,0.0,0.0,0,0.2819,-0.0721,-0.3215,-0.0887,-0.0831,0.0,0.0,0,0.997,0.9919,0.9918,0.0177,0.087,0,0,Slouching
d9b548e05a77,d9b548e05a77_Slouching_1779807746,1779807757.936,79,0.3217,0.5948,0.0555,0.0444,5.0,0.0,0.0,0,0.2817,-0.0666,-0.3217,-0.0888,-0.0777,0.0,0.0,0,0.9974,0.9934,0.993,0.017,0.087,0,0,Slouching
d9b548e05a77,d9b548e05a77_Slouching_1779807746,1779807758.211,80,0.318,0.6133,0.0502,0.0391,5.0,0.0,0.0,0,0.28,-0.067,-0.318,-0.0837,-0.067,0.0,0.0,0,0.998,0.9945,0.9946,0.0166,0.104,0,0,Slouching
d9b548e05a77,d9b548e05a77_Slouching_1779807746,1779807758.482,81,0.3237,0.6095,0.0446,0.0391,5.0,0.0,0.0,0,0.28,-0.067,-0.3237,-0.0781,-0.0726,0.0,0.0,0,0.9984,0.9953,0.9956,0.0159,0.1076,0,0,Slouching
d9b548e05a77,d9b548e05a77_Slouching_1779807746,1779807758.759,82,0.3293,0.6135,0.0446,0.0391,5.0,0.0,0.0,0,0.28,-0.067,-0.3293,-0.0781,-0.0781,0.0,0.0,0,0.9987,0.9957,0.9962,0.0143,0.0963,0,0,Slouching
d9b548e05a77,d9b548e05a77_Slouching_1779807746,1779807759.033,83,0.3292,0.6009,0.0502,0.0391,5.0,0.0,0.0,0,0.28,-0.0725,-0.3292,-0.0893,-0.0781,0.0,0.0,0,0.9987,0.9958,0.9963,0.014,0.0982,0,0,Slouching
d9b548e05a77,d9b548e05a77_Slouching_1779807746,1779807759.313,84,0.3218,0.6217,0.0499,0.0444,5.0,0.0,0.0,0,0.2816,-0.0777,-0.3218,-0.1054,-0.0777,0.0,0.0,0,0.9987,0.9954,0.9959,0.0142,0.1106,0,0,Slouching
d9b548e05a77,d9b548e05a77_Slouching_1779807746,1779807759.592,85,0.32,0.6515,0.0552,0.0441,5.0,0.0,0.0,0,0.2832,-0.0827,-0.32,-0.1048,-0.0772,0.0,0.0,0,0.9989,0.9953,0.9964,0.0148,0.1162,0,0,Slouching
d9b548e05a77,d9b548e05a77_Slouching_1779807746,1779807759.875,86,0.2528,0.6765,0.0,0.0337,5.0,0.0,0.0,0,0.2781,-0.0955,-0.2528,-0.1067,0.0169,0.0,0.0,0,0.9987,0.9954,0.9958,0.0191,0.1185,0,0,Slouching
d9b548e05a77,d9b548e05a77_Slouching_1779807746,1779807760.185,87,0.2471,0.6599,0.0225,0.0281,5.0,0.0,0.0,0,0.2782,-0.1067,-0.2471,-0.1179,0.0168,0.0,0.0,0,0.9976,0.9934,0.9915,0.0221,0.1263,0,0,Slouching
d9b548e05a77,d9b548e05a77_Slouching_1779807746,1779807760.466,88,0.2911,0.4143,0.0457,0.0171,5.0,0.0,0.0,0,0.2737,-0.2968,-0.2911,-0.4281,-0.0856,0.0,0.0,0,0.996,0.9895,0.9894,0.0202,0.1155,0,0,Slouching
d9b548e05a77,d9b548e05a77_Slouching_1779807746,1779807760.724,89,0.2749,0.314,0.1053,0.0292,5.0,0.0,0.0,0,0.2671,-0.3334,-0.2749,-0.4563,-0.0526,0.0,0.0,0,0.9914,0.9808,0.9848,0.019,0.0989,0,0,Slouching
d9b548e05a77,d9b548e05a77_Slouching_1779807746,1779807760.988,90,0.3213,0.5291,0.0676,0.0789,5.0,0.0,0.0,0,0.2772,-0.2255,-0.3213,-0.2762,-0.0846,0.0,0.0,0,0.9923,0.9829,0.9858,0.0157,0.0873,0,0,Slouching
d9b548e05a77,d9b548e05a77_Slouching_1779807746,1779807761.274,91,0.309,0.641,0.1159,0.0717,5.0,0.0,0.0,0,0.2832,-0.0552,-0.309,-0.0386,-0.0607,0.0,0.0,0,0.9951,0.9889,0.99,0.0136,0.0876,0,0,Slouching
d9b548e05a77,d9b548e05a77_Slouching_1779807746,1779807761.554,92,0.291,0.5423,0.0895,0.0615,5.0,0.0,0.0,0,0.2792,-0.0392,-0.291,-0.0336,-0.028,0.0,0.0,0,0.9967,0.9922,0.9932,0.0124,0.0803,0,0,Slouching
d9b548e05a77,d9b548e05a77_Slouching_1779807746,1779807761.839,93,0.2808,0.5485,0.0826,0.0606,5.0,0.0,0.0,0,0.2838,-0.044,-0.2808,-0.0385,-0.022,0.0,0.0,0,0.998,0.9951,0.9959,0.0111,0.067,0,0,Slouching
d9b548e05a77,d9b548e05a77_Slouching_1779807746,1779807762.115,94,0.2796,0.5737,0.0658,0.0603,5.0,0.0,0.0,0,0.285,-0.0548,-0.2796,-0.0658,-0.0274,0.0,0.0,0,0.9986,0.9962,0.997,0.0111,0.056,0,0,Slouching
d9b548e05a77,d9b548e05a77_Slouching_1779807746,1779807762.387,95,0.2851,0.5262,0.0658,0.0713,5.0,0.0,0.0,0,0.285,-0.0603,-0.2851,-0.0658,-0.0329,0.0,0.0,0,0.9988,0.9965,0.9974,0.0106,0.051,0,0,Slouching
d9b548e05a77,d9b548e05a77_Slouching_1779807746,1779807762.65,96,0.2868,0.5386,0.0607,0.0717,5.0,0.0,0.0,0,0.2833,-0.0551,-0.2868,-0.0607,-0.0276,0.0,0.0,0,0.9988,0.9968,0.9973,0.0102,0.0499,0,0,Slouching
d9b548e05a77,d9b548e05a77_Slouching_1779807746,1779807762.945,97,0.2852,0.5557,0.0603,0.0713,5.0,0.0,0.0,0,0.2849,-0.0658,-0.2852,-0.0768,-0.0329,0.0,0.0,0,0.9989,0.9972,0.9976,0.0103,0.0471,0,0,Slouching
d9b548e05a77,d9b548e05a77_Slouching_1779807746,1779807763.226,98,0.2768,0.4996,0.0169,0.0734,5.0,0.0,0.0,0,0.2766,-0.0791,-0.2768,-0.1017,-0.0226,0.0,0.0,0,0.999,0.9977,0.9978,0.0116,0.049,0,0,Slouching
d9b548e05a77,d9b548e05a77_Slouching_1779807746,1779807763.506,99,0.2742,0.557,0.0171,0.0686,5.0,0.0,0.0,0,0.2735,-0.08,-0.2742,-0.1028,-0.0229,0.0,0.0,0,0.9991,0.9979,0.9983,0.0108,0.0475,0,0,Slouching
d9b548e05a77,d9b548e05a77_Slouching_1779807746,1779807763.776,100,0.2758,0.5699,0.0115,0.0632,5.0,0.0,0.0,0,0.2719,-0.0747,-0.2758,-0.0919,-0.0172,0.0,0.0,0,0.9993,0.9981,0.9985,0.0115,0.0569,0,0,Slouching
d9b548e05a77,d9b548e05a77_Slouching_1779807746,1779807764.065,101,0.28,0.5938,0.0171,0.0628,5.0,0.0,0.0,0,0.2735,-0.0857,-0.28,-0.1143,-0.0229,0.0,0.0,0,0.9993,0.9978,0.9983,0.0116,0.0676,0,0,Slouching
d9b548e05a77,d9b548e05a77_Slouching_1779807746,1779807764.329,102,0.2815,0.591,0.023,0.0632,5.0,0.0,0.0,0,0.2719,-0.0862,-0.2815,-0.1149,-0.0287,0.0,0.0,0,0.9993,0.9979,0.9983,0.0121,0.0769,0,0,Slouching
d9b548e05a77,d9b548e05a77_Slouching_1779807746,1779807764.606,103,0.2857,0.6056,0.0171,0.0571,5.0,0.0,0.0,0,0.2735,-0.08,-0.2857,-0.12,-0.0286,0.0,0.0,0,0.9994,0.9977,0.9983,0.0113,0.073,0,0,Slouching
d9b548e05a77,d9b548e05a77_Leaning_on_Desk_1779807771,1779807774.927,104,0.5032,0.4154,0.1335,0.1386,0.4265,-57.1143,173.1689,1,0.3043,-0.2876,-0.5032,-0.3543,-0.4057,57.1143,173.1689,1,1.0,0.9995,0.9999,0.9694,0.1482,1,1,Leaning on Desk
d9b548e05a77,d9b548e05a77_Leaning_on_Desk_1779807771,1779807775.193,105,0.5029,0.4217,0.1385,0.1385,0.4313,-56.6983,173.047,1,0.3045,-0.2874,-0.5029,-0.3489,-0.4054,56.6983,173.047,1,1.0,0.9995,0.9999,0.9695,0.1517,1,1,Leaning on Desk
d9b548e05a77,d9b548e05a77_Leaning_on_Desk_1779807771,1779807775.444,106,0.4977,0.407,0.1385,0.1437,0.4313,-57.2074,173.3667,1,0.3045,-0.2874,-0.4977,-0.3489,-0.4054,57.2074,173.3667,1,1.0,0.9995,0.9999,0.9698,0.1563,1,1,Leaning on Desk
d9b548e05a77,d9b548e05a77_Leaning_on_Desk_1779807771,1779807775.71,107,0.4952,0.4061,0.1378,0.143,0.4342,-57.1322,173.2615,1,0.306,-0.2859,-0.4952,-0.3472,-0.4033,57.1322,173.2615,1,1.0,0.9995,0.9999,0.9692,0.155,1,1,Leaning on Desk
d9b548e05a77,d9b548e05a77_Leaning_on_Desk_1779807771,1779807775.979,108,0.5032,0.4159,0.1335,0.1438,0.447,-57.034,173.4135,1,0.3043,-0.2876,-0.5032,-0.3492,-0.4108,57.034,173.4135,1,1.0,0.9995,0.9999,0.9689,0.1565,1,1,Leaning on Desk
d9b548e05a77,d9b548e05a77_Leaning_on_Desk_1779807771,1779807776.244,109,0.5032,0.4288,0.1335,0.1438,0.452,-56.8403,173.5011,1,0.3043,-0.2876,-0.5032,-0.3492,-0.4108,56.8403,173.5011,1,1.0,0.9995,0.9999,0.9681,0.1558,1,1,Leaning on Desk
d9b548e05a77,d9b548e05a77_Leaning_on_Desk_1779807771,1779807776.521,110,0.5007,0.4024,0.1328,0.1482,0.4497,-56.7935,173.5883,1,0.3058,-0.2861,-0.5007,-0.3474,-0.4087,56.7935,173.5883,1,1.0,0.9995,0.9999,0.9676,0.1609,1,1,Leaning on Desk
d9b548e05a77,d9b548e05a77_Leaning_on_Desk_1779807771,1779807776.816,111,0.5189,0.421,0.1363,0.1363,0.3938,-55.7,171.2066,1,0.2981,-0.2935,-0.5189,-0.3564,-0.4246,55.7,171.2066,1,1.0,0.9995,1.0,0.9737,0.172,1,1,Leaning on Desk
d9b548e05a77,d9b548e05a77_Leaning_on_Desk_1779807771,1779807777.105,112,0.4675,0.4716,0.1075,0.1666,0.2774,-32.4924,156.0438,1,0.2907,-0.3386,-0.4675,-0.4031,-0.2902,32.4924,156.0438,1,1.0,0.9993,0.9999,0.9736,0.1446,1,1,Leaning on Desk
d9b548e05a77,d9b548e05a77_Leaning_on_Desk_1779807771,1779807777.362,113,0.446,0.4584,0.1075,0.172,0.2795,-34.3083,158.5683,1,0.2907,-0.3601,-0.446,-0.4192,-0.2741,34.3083,158.5683,1,0.9999,0.9993,0.9998,0.9717,0.1266,1,1,Leaning on Desk
d9b548e05a77,d9b548e05a77_Leaning_on_Desk_1779807771,1779807777.64,114,0.4484,0.4519,0.1081,0.1729,0.2902,-34.5849,159.7611,1,0.2892,-0.3728,-0.4484,-0.4268,-0.281,34.5849,159.7611,1,0.9999,0.9993,0.9998,0.9705,0.1179,1,1,Leaning on Desk
d9b548e05a77,d9b548e05a77_Leaning_on_Desk_1779807771,1779807777.893,115,0.4428,0.4456,0.1134,0.1728,0.2923,-35.0532,160.2089,1,0.2894,-0.3726,-0.4428,-0.4212,-0.2754,35.0532,160.2089,1,0.9999,0.9994,0.9998,0.9715,0.1121,1,1,Leaning on Desk
d9b548e05a77,d9b548e05a77_Leaning_on_Desk_1779807771,1779807778.168,116,0.4455,0.4469,0.1181,0.1718,0.2954,-35.456,160.3753,1,0.2911,-0.365,-0.4455,-0.4133,-0.2791,35.456,160.3753,1,1.0,0.9994,0.9999,0.972,0.1046,1,1,Leaning on Desk
d9b548e05a77,d9b548e05a77_Leaning_on_Desk_1779807771,1779807778.444,117,0.4404,0.4445,0.1128,0.1719,0.3027,-35.4605,160.8926,1,0.2909,-0.3652,-0.4404,-0.4082,-0.2793,35.4605,160.8926,1,1.0,0.9994,0.9999,0.973,0.1,1,1,Leaning on Desk
d9b548e05a77,d9b548e05a77_Leaning_on_Desk_1779807771,1779807778.739,118,0.459,0.4616,0.1134,0.1674,0.3415,-37.6699,167.9155,1,0.2894,-0.3564,-0.459,-0.4104,-0.297,37.6699,167.9155,1,1.0,0.9994,0.9999,0.9762,0.1021,1,1,Leaning on Desk
d9b548e05a77,d9b548e05a77_Leaning_on_Desk_1779807771,1779807779.002,119,0.4294,0.4207,0.1879,0.263,0.354,-50.8497,174.8098,1,0.2911,-0.3381,-0.4294,-0.3006,-0.3703,50.8497,174.8098,1,1.0,0.9995,0.9999,0.9799,0.2377,2,1,Leaning on Desk
d9b548e05a77,d9b548e05a77_Leaning_on_Desk_1779807771,1779807779.255,120,0.3445,0.3553,0.2296,0.3117,0.3117,-33.9175,167.9913,1,0.2858,-0.3937,-0.3445,-0.3609,-0.164,33.9175,167.9913,1,1.0,0.9995,0.9999,0.9827,0.2527,2,1,Leaning on Desk
d9b548e05a77,d9b548e05a77_Leaning_on_Desk_1779807771,1779807779.527,121,0.3556,0.3743,0.2556,0.3,0.3305,-35.6665,166.6624,1,0.2812,-0.4056,-0.3556,-0.4,-0.1834,35.6665,166.6624,1,1.0,0.9995,0.9999,0.9827,0.2353,2,1,Leaning on Desk
d9b548e05a77,d9b548e05a77_Leaning_on_Desk_1779807771,1779807779.796,122,0.3601,0.3582,0.2659,0.2992,0.3206,-35.8357,165.7772,1,0.282,-0.4044,-0.3601,-0.41,-0.1939,35.8357,165.7772,1,1.0,0.9995,0.9999,0.985,0.2046,2,1,Leaning on Desk
d9b548e05a77,d9b548e05a77_Leaning_on_Desk_1779807771,1779807780.077,123,0.3532,0.3665,0.2373,0.2815,0.3108,-33.2128,164.3106,1,0.2831,-0.4029,-0.3532,-0.414,-0.1711,33.2128,164.3106,1,1.0,0.9996,0.9999,0.9865,0.1855,1,1,Leaning on Desk
d9b548e05a77,d9b548e05a77_Leaning_on_Desk_1779807771,1779807780.347,124,0.3625,0.334,0.1653,0.1706,0.3342,-23.7263,149.7077,1,0.2931,-0.3572,-0.3625,-0.4052,-0.1546,23.7263,149.7077,1,1.0,0.9996,0.9999,0.9835,0.1747,1,1,Leaning on Desk
d9b548e05a77,d9b548e05a77_Leaning_on_Desk_1779807771,1779807780.637,125,0.3578,0.323,0.1616,0.1731,0.2886,0.0,0.0,1,0.2707,-0.4155,-0.3578,-0.479,-0.0981,0.0,0.0,0,1.0,0.9997,0.9999,0.9845,0.1661,1,1,Leaning on Desk
d9b548e05a77,d9b548e05a77_Leaning_on_Desk_1779807771,1779807780.924,126,0.3587,0.3401,0.2176,0.2117,0.2764,-19.5783,143.0545,1,0.2657,-0.4233,-0.3587,-0.4821,-0.1235,19.5783,143.0545,1,1.0,0.9996,0.9999,0.9839,0.1385,1,1,Leaning on Desk
d9b548e05a77,d9b548e05a77_Leaning_on_Desk_1779807771,1779807781.213,127,0.36,0.3262,0.2206,0.2148,0.2613,-17.213,143.3696,1,0.2691,-0.4006,-0.36,-0.4587,-0.1219,17.213,143.3696,1,1.0,0.9995,0.9999,0.9829,0.12,1,1,Leaning on Desk
d9b548e05a77,d9b548e05a77_Leaning_on_Desk_1779807771,1779807781.493,128,0.3541,0.3347,0.2206,0.2148,0.2729,-18.5692,146.8952,1,0.2691,-0.3948,-0.3541,-0.4587,-0.1103,18.5692,146.8952,1,0.9999,0.9995,0.9998,0.9797,0.1068,1,1,Leaning on Desk
d9b548e05a77,d9b548e05a77_Leaning_on_Desk_1779807771,1779807781.755,129,0.3474,0.3524,0.2316,0.2085,0.2666,-19.0295,147.8481,1,0.2698,-0.3938,-0.3474,-0.4517,-0.1158,19.0295,147.8481,1,0.9999,0.9994,0.9998,0.9801,0.1,1,1,Leaning on Desk
d9b548e05a77,d9b548e05a77_Leaning_on_Desk_1779807771,1779807782.061,130,0.346,0.3593,0.2287,0.2111,0.2757,-19.0796,148.0818,1,0.2664,-0.3988,-0.346,-0.4633,-0.1114,19.0796,148.0818,1,0.9999,0.9993,0.9998,0.9809,0.1003,1,1,Leaning on Desk
d9b548e05a77,d9b548e05a77_Leaning_on_Desk_1779807771,1779807782.321,131,0.3492,0.3874,0.2095,0.2212,0.2857,-17.6949,147.636,1,0.2685,-0.39,-0.3492,-0.4482,-0.1048,17.6949,147.636,1,0.9999,0.9993,0.9998,0.9801,0.1076,1,1,Leaning on Desk
d9b548e05a77,d9b548e05a77_Leaning_on_Desk_1779807771,1779807782.577,132,0.4348,0.4323,0.1033,0.1468,0.4206,-31.4637,165.7507,1,0.2875,-0.2935,-0.4348,-0.3424,-0.2718,31.4637,165.7507,1,0.9999,0.9993,0.9998,0.9796,0.1584,1,1,Leaning on Desk
d9b548e05a77,d9b548e05a77_Leaning_on_Desk_1779807771,1779807782.854,133,0.4391,0.4736,0.0705,0.1464,0.3052,-25.4625,159.2577,1,0.2882,-0.309,-0.4391,-0.3578,-0.2765,25.4625,159.2577,1,0.9999,0.9992,0.9997,0.9751,0.1418,1,1,Leaning on Desk
d9b548e05a77,d9b548e05a77_Leaning_on_Desk_1779807771,1779807783.132,134,0.4328,0.4458,0.0767,0.1589,0.293,-28.9852,157.8011,1,0.2852,-0.3506,-0.4328,-0.4109,-0.252,28.9852,157.8011,1,0.9998,0.9991,0.9994,0.966,0.1145,1,1,Leaning on Desk
d9b548e05a77,d9b548e05a77_Leaning_on_Desk_1779807771,1779807783.394,135,0.425,0.4469,0.0763,0.1635,0.2826,-30.1946,159.9117,1,0.2868,-0.3596,-0.425,-0.4195,-0.2452,30.1946,159.9117,1,0.9997,0.9989,0.9992,0.9632,0.0971,1,1,Leaning on Desk
d9b548e05a77,d9b548e05a77_Leaning_on_Desk_1779807771,1779807783.659,136,0.4324,0.4478,0.0876,0.1642,0.2806,-31.7217,164.4908,1,0.2855,-0.3612,-0.4324,-0.4105,-0.2518,31.7217,164.4908,1,0.9997,0.9989,0.9992,0.9635,0.0909,1,1,Leaning on Desk
d9b548e05a77,d9b548e05a77_Leaning_on_Desk_1779807771,1779807783.944,137,0.5514,0.3982,0.058,0.058,0.5908,0.0,0.0,1,0.2692,-0.1277,-0.5514,-0.2148,-0.4469,0.0,0.0,0,0.9997,0.999,0.9994,0.9146,0.2937,2,1,Leaning on Desk
d9b548e05a77,d9b548e05a77_Leaning_on_Desk_1779807771,1779807784.218,138,0.5925,0.6585,0.1162,0.0523,0.5283,-33.0624,173.0491,1,0.269,0.0058,-0.5925,-0.0871,-0.4879,33.0624,173.0491,1,0.9993,0.9944,0.9991,0.6489,0.5987,2,1,Leaning on Desk
d9b548e05a77,d9b548e05a77_Leaning_on_Desk_1779807771,1779807784.527,139,0.4976,0.5996,0.1437,0.1327,0.4922,-31.9811,172.9859,1,0.2826,0.0663,-0.4976,0.0055,-0.3981,31.9811,172.9859,1,0.9994,0.9937,0.9992,0.4398,0.7459,2,1,Leaning on Desk
d9b548e05a77,d9b548e05a77_Leaning_on_Desk_1779807771,1779807784.804,140,0.4504,0.6166,0.1574,0.1465,0.4711,-31.7008,174.8475,1,0.288,0.076,-0.4504,0.0054,-0.3201,31.7008,174.8475,1,0.9996,0.9953,0.9995,0.3924,0.8302,2,1,Leaning on Desk
d9b548e05a77,d9b548e05a77_Leaning_on_Desk_1779807771,1779807785.066,141,0.4578,0.6319,0.1635,0.1363,0.4423,-29.2693,175.0214,1,0.2867,0.0872,-0.4578,0.0327,-0.3325,29.2693,175.0214,1,0.9997,0.9957,0.9996,0.371,0.8633,2,1,Leaning on Desk
d9b548e05a77,d9b548e05a77_Leaning_on_Desk_1779807771,1779807785.354,142,0.4502,0.5812,0.1661,0.1286,0.468,-27.9773,175.8547,1,0.2916,0.0697,-0.4502,0.0054,-0.3269,27.9773,175.8547,1,0.9998,0.9967,0.9997,0.3778,0.8954,2,1,Leaning on Desk
d9b548e05a77,d9b548e05a77_Leaning_on_Desk_1779807771,1779807785.624,143,0.5501,0.5075,0.1661,0.0727,0.5423,-57.6075,-177.2567,1,0.3011,0.0727,-0.5501,0.0311,-0.5242,57.6075,177.2567,1,0.9997,0.9958,0.9996,0.3068,0.8944,2,1,Leaning on Desk
d9b548e05a77,d9b548e05a77_Leaning_on_Desk_1779807771,1779807785.915,144,0.5524,0.5678,0.1473,0.0474,0.513,-49.6426,-173.1762,1,0.297,0.0737,-0.5524,0.0842,-0.5261,49.6426,173.1762,1,0.9997,0.9944,0.9995,0.2931,0.8313,2,1,Leaning on Desk
d9b548e05a77,d9b548e05a77_Leaning_on_Desk_1779807771,1779807786.195,145,0.5391,0.5536,0.1465,0.0366,0.6073,-51.1334,-176.7556,1,0.2985,0.0471,-0.5391,0.0523,-0.5077,51.1334,176.7556,1,0.9997,0.9937,0.9995,0.3162,0.8155,2,1,Leaning on Desk
d9b548e05a77,d9b548e05a77_Leaning_on_Desk_1779807771,1779807786.457,146,0.5366,0.5412,0.1473,0.0368,0.5158,-50.8843,-177.5193,1,0.297,0.0474,-0.5366,0.0526,-0.4998,50.8843,177.5193,1,0.9997,0.9938,0.9996,0.3116,0.8016,2,1,Leaning on Desk
d9b548e05a77,d9b548e05a77_Leaning_on_Desk_1779807771,1779807786.717,147,0.5353,0.5291,0.1627,0.0367,0.5101,-51.1618,-177.5512,1,0.2977,0.0472,-0.5353,0.0525,-0.4933,51.1618,177.5512,1,0.9997,0.9944,0.9996,0.2768,0.811,2,1,Leaning on Desk
d9b548e05a77,d9b548e05a77_Leaning_on_Desk_1779807771,1779807786.976,148,0.5326,0.5731,0.1619,0.0418,0.5518,-50.2259,-177.8359,1,0.2993,0.0522,-0.5326,0.0574,-0.496,50.2259,177.8359,1,0.9997,0.9949,0.9996,0.2793,0.8132,2,1,Leaning on Desk
d9b548e05a77,d9b548e05a77_Leaning_on_Desk_1779807771,1779807787.243,149,0.5343,0.4063,0.1971,0.0674,0.5741,0.0,0.0,1,0.3012,0.0052,-0.5343,-0.1971,-0.4824,0.0,0.0,0,0.9997,0.9953,0.9996,0.3484,0.8632,2,1,Leaning on Desk
d9b548e05a77,d9b548e05a77_Leaning_on_Desk_1779807771,1779807787.53,150,0.4466,0.5591,0.1276,0.1102,0.4512,0.0,0.0,1,0.2694,0.058,-0.4466,-0.0812,-0.2378,0.0,0.0,0,0.9994,0.9959,0.9989,0.3179,0.8924,2,1,Leaning on Desk
d9b548e05a77,d9b548e05a77_Leaning_on_Desk_1779807771,1779807787.782,151,0.3551,0.4779,0.0421,0.0782,0.4009,0.0,0.0,1,0.2596,0.0181,-0.3551,-0.0843,-0.1384,0.0,0.0,0,0.9976,0.9967,0.9952,0.2667,0.9043,2,1,Leaning on Desk
d9b548e05a77,d9b548e05a77_Leaning_on_Desk_1779807771,1779807788.044,152,0.3712,0.4981,0.018,0.0599,0.3358,0.0,0.0,1,0.261,0.0299,-0.3712,-0.0359,-0.1796,0.0,0.0,0,0.9952,0.9966,0.9917,0.2127,0.8849,2,1,Leaning on Desk
d9b548e05a77,d9b548e05a77_Leaning_on_Desk_1779807771,1779807788.324,153,0.39,0.4713,0.0532,0.065,0.3731,0.0,0.0,1,0.2644,0.0177,-0.39,-0.0709,-0.195,0.0,0.0,0,0.9952,0.997,0.991,0.1956,0.9011,1,1,Leaning on Desk
d9b548e05a77,d9b548e05a77_Leaning_on_Desk_1779807771,1779807788.592,154,0.3732,0.4263,0.0421,0.0722,0.4108,0.0,0.0,1,0.2596,0.012,-0.3732,-0.0963,-0.1685,0.0,0.0,0,0.9957,0.9973,0.9917,0.1921,0.9087,1,1,Leaning on Desk
d9b548e05a77,d9b548e05a77_Leaning_on_Desk_1779807771,1779807788.842,155,0.4668,0.4658,0.0532,0.0177,0.2094,0.0,0.0,1,0.2644,0.0473,-0.4668,0.1241,-0.3368,0.0,0.0,0,0.9947,0.9965,0.9895,0.1634,0.8772,1,1,Leaning on Desk
d9b548e05a77,d9b548e05a77_Leaning_on_Desk_1779807771,1779807789.098,156,0.5867,0.2358,0.0717,0.0065,0.4128,0.0,0.0,1,0.2397,0.176,-0.5867,0.4824,-0.5215,0.0,0.0,0,0.9845,0.972,0.9716,0.1392,0.7505,1,1,Leaning on Desk
d9b548e05a77,d9b548e05a77_Leaning_on_Desk_1779807771,1779807789.363,157,0.5302,0.2416,0.083,0.0319,0.2748,0.0,0.0,1,0.2446,0.1725,-0.5302,0.4344,-0.4152,0.0,0.0,0,0.9876,0.9448,0.9775,0.1601,0.6771,1,1,Leaning on Desk
d9b548e05a77,d9b548e05a77_Leaning_on_Desk_1779807771,1779807789.639,158,0.7708,0.1192,0.0976,0.039,0.4505,0.0,0.0,1,0.1601,0.2634,-0.7708,0.7903,-0.7123,0.0,0.0,0,0.9902,0.8998,0.9831,0.2083,0.509,2,1,Leaning on Desk
d9b548e05a77,d9b548e05a77_Leaning_on_Desk_1779807771,1779807789.918,159,0.9471,0.1265,0.0861,0.0246,0.6383,0.0,0.0,1,0.127,0.4305,-0.9471,1.107,-0.8241,0.0,0.0,0,0.9911,0.8775,0.9865,0.1946,0.358,1,1,Leaning on Desk
d9b548e05a77,d9b548e05a77_Leaning_on_Desk_1779807771,1779807790.201,160,0.7207,0.143,0.0647,0.0185,0.6635,0.0,0.0,1,0.1691,0.231,-0.7207,0.7299,-0.6098,0.0,0.0,0,0.9909,0.843,0.9865,0.1685,0.2481,1,1,Leaning on Desk
d9b548e05a77,d9b548e05a77_Leaning_on_Desk_1779807771,1779807790.482,161,0.5459,0.5121,0.069,0.0063,0.4032,0.0,0.0,1,0.249,0.0565,-0.5459,0.0251,-0.4078,0.0,0.0,0,0.9877,0.8461,0.9812,0.1776,0.3909,1,1,Leaning on Desk
d9b548e05a77,d9b548e05a77_Leaning_on_Desk_1779807771,1779807790.778,162,0.5646,0.5333,0.0176,0.0235,0.554,-47.7724,165.6405,1,0.2657,-0.0529,-0.5646,-0.1941,-0.447,47.7724,165.6405,1,0.9933,0.9163,0.9898,0.3944,0.644,2,1,Leaning on Desk
d9b548e05a77,d9b548e05a77_Leaning_on_Desk_1779807771,1779807791.073,163,0.5309,0.5305,0.0062,0.0494,0.4971,-28.9788,170.5479,1,0.2531,-0.1481,-0.5309,-0.2222,-0.3827,28.9788,170.5479,1,0.9964,0.9543,0.9945,0.6644,0.7817,2,1,Leaning on Desk
d9b548e05a77,d9b548e05a77_Leaning_on_Desk_1779807771,1779807791.358,164,0.4477,0.5369,0.0,0.0581,0.4124,-29.1115,167.3492,1,0.2687,-0.1744,-0.4477,-0.2384,-0.2791,29.1115,167.3492,1,0.998,0.9748,0.997,0.7913,0.8563,2,1,Leaning on Desk
d9b548e05a77,d9b548e05a77_Leaning_on_Desk_1779807771,1779807791.645,165,0.44,0.5385,0.0057,0.0457,0.4097,-27.9007,167.5542,1,0.2734,-0.1429,-0.44,-0.2057,-0.2686,27.9007,167.5542,1,0.9989,0.9858,0.9984,0.8576,0.8925,2,1,Leaning on Desk
d9b548e05a77,d9b548e05a77_Leaning_on_Desk_1779807771,1779807791.905,166,0.4309,0.5356,0.023,0.046,0.4092,-27.1642,168.3863,1,0.2719,-0.1436,-0.4309,-0.1954,-0.2643,27.1642,168.3863,1,0.9993,0.9913,0.999,0.8918,0.9134,2,1,Leaning on Desk
d9b548e05a77,d9b548e05a77_Leaning_on_Desk_1779807771,1779807792.193,167,0.5566,0.4652,0.0299,0.0539,0.4826,-48.0624,170.4353,1,0.2611,-0.1496,-0.5566,-0.2813,-0.425,48.0624,170.4353,1,0.9995,0.9917,0.9994,0.9138,0.9352,2,1,Leaning on Desk
d9b548e05a77,d9b548e05a77_Leaning_on_Desk_1779807771,1779807792.448,168,0.5524,0.4544,0.0221,0.0552,0.5161,-57.9566,177.7925,1,0.2829,-0.0773,-0.5524,-0.116,-0.5026,57.9566,177.7925,1,0.9995,0.9893,0.9993,0.9408,0.9477,2,1,Leaning on Desk
d9b548e05a77,d9b548e05a77_Leaning_on_Desk_1779807771,1779807792.713,169,0.5212,0.5554,0.016,0.0,0.4486,-45.15,-179.9138,1,0.2938,0.0213,-0.5212,0.016,-0.4893,45.15,179.9138,1,0.9995,0.9889,0.9993,0.9511,0.953,2,1,Leaning on Desk
d9b548e05a77,d9b548e05a77_Leaning_on_Desk_1779807771,1779807792.963,170,0.5129,0.5399,0.037,0.0159,0.4273,-42.4919,-178.4343,1,0.2955,0.0159,-0.5129,0.0053,-0.4547,42.4919,178.4343,1,0.9995,0.9901,0.9994,0.9587,0.9572,2,1,Leaning on Desk
d9b548e05a77,d9b548e05a77_Leaning_on_Desk_1779807771,1779807793.234,171,0.5025,0.6225,0.0264,0.0106,0.408,-43.0834,-178.6108,1,0.2954,0.0053,-0.5025,0.0053,-0.4284,43.0834,178.6108,1,0.9996,0.99,0.9994,0.9595,0.9452,2,1,Leaning on Desk
d9b548e05a77,d9b548e05a77_Leaning_on_Desk_1779807771,1779807793.497,172,0.508,0.588,0.016,0.0107,0.4179,-42.7299,-178.8711,1,0.2922,-0.0053,-0.508,-0.0053,-0.4384,42.7299,178.8711,1,0.9997,0.9903,0.9996,0.958,0.9377,2,1,Leaning on Desk
d9b548e05a77,d9b548e05a77_Leaning_on_Desk_1779807771,1779807793.789,173,0.5027,0.5375,0.0053,0.0107,0.4195,-40.4054,179.2911,1,0.2922,-0.0107,-0.5027,-0.0053,-0.4331,40.4054,179.2911,1,0.9997,0.9891,0.9995,0.9606,0.9352,2,1,Leaning on Desk
d9b548e05a77,d9b548e05a77_Leaning_on_Desk_1779807771,1779807794.07,174,0.5052,0.5592,0.095,0.045,0.4102,-41.8342,179.8505,1,0.3124,0.075,-0.5052,0.055,-0.4452,41.8342,179.8505,1,0.9997,0.9877,0.9995,0.9656,0.9458,2,1,Leaning on Desk
d9b548e05a77,d9b548e05a77_Leaning_on_Desk_1779807771,1779807794.329,175,0.447,0.4306,0.0092,0.0092,0.3964,-46.0979,-165.0641,1,0.3391,0.1198,-0.447,0.1981,-0.3917,46.0979,165.0641,1,0.9996,0.9852,0.999,0.966,0.9407,2,1,Leaning on Desk
d9b548e05a77,d9b548e05a77_Leaning_on_Desk_1779807771,1779807794.584,176,0.4132,0.4615,0.0454,0.0227,0.4088,-41.0076,-159.5228,1,0.3441,0.1362,-0.4132,0.227,-0.336,41.0076,159.5228,1,0.9985,0.9811,0.9968,0.9446,0.9077,2,1,Leaning on Desk
d9b548e05a77,d9b548e05a77_Leaning_on_Desk_1779807771,1779807794.858,177,0.407,0.4564,0.0777,0.032,0.4035,-41.4286,-162.0074,1,0.3417,0.1418,-0.407,0.2287,-0.3293,41.4286,162.0074,1,0.9989,0.9815,0.9976,0.9571,0.9087,2,1,Leaning on Desk
d9b548e05a77,d9b548e05a77_Leaning_on_Desk_1779807771,1779807795.141,178,0.4006,0.4488,0.0774,0.0364,0.4017,-40.5074,-163.341,1,0.3432,0.1366,-0.4006,0.2367,-0.3232,40.5074,163.341,1,0.9991,0.98,0.9981,0.9662,0.9164,2,1,Leaning on Desk
d9b548e05a77,d9b548e05a77_Leaning_on_Desk_1779807771,1779807795.42,179,0.4221,0.4563,0.0742,0.0557,0.398,-52.8376,-179.2838,1,0.3369,0.1252,-0.4221,0.1763,-0.3479,52.8376,179.2838,1,0.9993,0.9809,0.9982,0.9727,0.932,2,1,Leaning on Desk
d9b548e05a77,d9b548e05a77_Leaning_on_Desk_1779807771,1779807795.689,180,0.4976,0.4584,0.0188,0.0188,0.4501,-54.884,-179.6976,1,0.3329,-0.0047,-0.4976,-0.0422,-0.4553,54.884,179.6976,1,0.9995,0.9834,0.9988,0.9738,0.9548,2,1,Leaning on Desk
d9b548e05a77,d9b548e05a77_Leaning_on_Desk_1779807771,1779807795.965,181,0.5216,0.4707,0.0341,0.0146,0.4784,-57.2628,-177.2846,1,0.3205,0.0049,-0.5216,-0.039,-0.4778,57.2628,177.2846,1,0.9996,0.9813,0.9991,0.964,0.9634,2,1,Leaning on Desk
d9b548e05a77,d9b548e05a77_Leaning_on_Desk_1779807771,1779807796.258,182,0.5237,0.4817,0.0538,0.0,0.5099,-56.9091,-178.0951,1,0.3192,0.0098,-0.5237,-0.0245,-0.4895,56.9091,178.0951,1,0.9994,0.978,0.999,0.9578,0.9665,2,1,Leaning on Desk
d9b548e05a77,d9b548e05a77_Leaning_on_Desk_1779807771,1779807796.54,183,0.5184,0.4716,0.063,0.0048,0.5091,-56.9869,-177.0427,1,0.3225,0.0145,-0.5184,-0.0242,-0.4845,56.9869,177.0427,1,0.9992,0.9765,0.9987,0.9536,0.9662,2,1,Leaning on Desk
d9b548e05a77,d9b548e05a77_Leaning_on_Desk_1779807771,1779807796.818,184,0.5461,0.468,0.0612,0.0,0.5041,-55.405,-178.1511,1,0.3319,0.0471,-0.5461,0.0612,-0.5132,55.405,178.1511,1,0.9988,0.9695,0.9972,0.9528,0.9571,2,1,Leaning on Desk
d9b548e05a77,d9b548e05a77_Leaning_on_Desk_1779807771,1779807797.081,185,0.497,0.5077,0.1446,0.0587,0.4787,-46.2385,-177.0665,1,0.3458,0.0994,-0.497,0.122,-0.4428,46.2385,177.0665,1,0.9983,0.9732,0.9949,0.9618,0.952,2,1,Leaning on Desk
d9b548e05a77,d9b548e05a77_Leaning_on_Desk_1779807771,1779807797.354,186,0.4676,0.4954,0.163,0.0214,0.49,-49.3185,-176.5001,1,0.3642,0.0686,-0.4676,0.1244,-0.4118,49.3185,176.5001,1,0.9981,0.9653,0.9939,0.9692,0.9114,2,1,Leaning on Desk
d9b548e05a77,d9b548e05a77_Leaning_on_Desk_1779807771,1779807797.611,187,0.4623,0.4777,0.1498,0.0171,0.5162,-47.5559,-178.6318,1,0.3651,0.0514,-0.4623,0.0514,-0.4152,47.5559,178.6318,1,0.9977,0.9638,0.9935,0.9461,0.922,2,1,Leaning on Desk
d9b548e05a77,d9b548e05a77_Leaning_on_Desk_1779807771,1779807797.882,188,0.4523,0.5034,0.1408,0.0128,0.4954,-47.4518,-178.6475,1,0.3661,0.0427,-0.4523,0.0384,-0.4011,47.4518,178.6475,1,0.9975,0.9576,0.9934,0.9451,0.9358,2,1,Leaning on Desk
d9b548e05a77,d9b548e05a77_Leaning_on_Desk_1779807771,1779807798.145,189,0.4831,0.5231,0.0287,0.0143,0.5596,-45.4531,177.2629,1,0.3267,0.0096,-0.4831,-0.0239,-0.4113,45.4531,177.2629,1,0.9985,0.9716,0.996,0.9587,0.9564,2,1,Leaning on Desk
d9b548e05a77,d9b548e05a77_Leaning_on_Desk_1779807771,1779807798.419,190,0.1222,0.5384,0.1541,0.0053,0.269,0.0,0.0,1,0.2941,-0.0425,-0.1222,-0.085,0.1859,0.0,0.0,0,0.9991,0.9839,0.9977,0.9489,0.9557,2,1,Leaning on Desk
d9b548e05a77,d9b548e05a77_Leaning_on_Desk_1779807771,1779807798.692,191,0.4072,0.4367,0.1222,0.0967,0.2203,0.0,0.0,1,0.307,-0.0611,-0.4072,-0.0356,-0.2596,0.0,0.0,0,0.9993,0.9837,0.9985,0.9605,0.9665,2,1,Leaning on Desk
d9b548e05a77,d9b548e05a77_Leaning_on_Desk_1779807771,1779807798.972,192,0.3316,0.4737,0.0251,0.0703,0.1708,0.0,0.0,1,0.311,-0.0854,-0.3316,-0.0603,-0.1407,0.0,0.0,0,0.9995,0.9886,0.9991,0.9673,0.9731,2,1,Leaning on Desk
d9b548e05a77,d9b548e05a77_Leaning_on_Desk_1779807771,1779807799.229,193,0.3669,0.4454,0.1121,0.0815,0.2039,0.0,0.0,1,0.3066,-0.0713,-0.3669,-0.0612,-0.1784,0.0,0.0,0,0.9997,0.9917,0.9994,0.972,0.9785,2,1,Leaning on Desk
d9b548e05a77,d9b548e05a77_Leaning_on_Desk_1779807771,1779807799.53,194,0.3214,0.3755,0.0352,0.0703,0.228,0.0,0.0,1,0.3111,-0.0603,-0.3214,-0.0502,-0.2159,0.0,0.0,0,0.9991,0.9924,0.9988,0.9715,0.9809,2,1,Leaning on Desk
d9b548e05a77,d9b548e05a77_Leaning_on_Desk_1779807771,1779807799.798,195,0.5154,0.5707,0.0155,0.0206,0.4693,-39.6362,174.8534,1,0.3032,-0.0258,-0.5154,-0.0258,-0.4123,39.6362,174.8534,1,0.9991,0.9919,0.9987,0.9694,0.9786,2,1,Leaning on Desk
d9b548e05a77,d9b548e05a77_Leaning_on_Desk_1779807771,1779807800.088,196,0.5068,0.5665,0.0439,0.0097,0.415,-43.3632,177.9788,1,0.3206,-0.0146,-0.5068,-0.0634,-0.4825,43.3632,177.9788,1,0.9992,0.9835,0.999,0.9713,0.9804,2,1,Leaning on Desk
d9b548e05a77,d9b548e05a77_Leaning_on_Desk_1779807771,1779807800.368,197,0.5038,0.6682,0.0705,0.0202,0.4477,-39.2487,171.4583,1,0.3101,0.0353,-0.5038,0.0101,-0.4786,39.2487,171.4583,1,0.9995,0.9873,0.9994,0.9676,0.9811,2,1,Leaning on Desk
d9b548e05a77,d9b548e05a77_Leaning_on_Desk_1779807771,1779807800.629,198,0.4989,0.697,0.0662,0.0255,0.4637,-40.0272,173.0697,1,0.3069,0.0356,-0.4989,-0.0051,-0.4429,40.0272,173.0697,1,0.9997,0.99,0.9996,0.9723,0.9822,2,1,Leaning on Desk
d9b548e05a77,d9b548e05a77_Leaning_on_Desk_1779807771,1779807800.915,199,0.489,0.6682,0.0649,0.0349,0.4592,-40.4247,173.5824,1,0.3132,0.0299,-0.489,-0.015,-0.4141,40.4247,173.5824,1,0.9998,0.9917,0.9997,0.9737,0.984,2,1,Leaning on Desk
d9b548e05a77,d9b548e05a77_Leaning_on_Desk_1779807771,1779807801.2,200,0.4791,0.5453,0.0599,0.01,0.5031,-49.5433,-172.9187,1,0.3131,0.0299,-0.4791,0.025,-0.4143,49.5433,172.9187,1,0.9998,0.9925,0.9997,0.9738,0.985,2,1,Leaning on Desk
d9b548e05a77,d9b548e05a77_Leaning_on_Desk_1779807771,1779807801.489,201,0.5229,0.4798,0.0726,0.0387,0.5437,-58.7875,-166.8866,1,0.3227,0.0145,-0.5229,0.0533,-0.489,58.7875,166.8866,1,0.9994,0.9859,0.9986,0.9695,0.9742,2,1,Leaning on Desk
d9b548e05a77,d9b548e05a77_Leaning_on_Desk_1779807771,1779807801.752,202,0.5199,0.4925,0.0932,0.0049,0.5584,-50.3127,-164.9804,1,0.3186,0.0736,-0.5199,0.1766,-0.4708,50.3127,164.9804,1,0.9985,0.9842,0.9965,0.9618,0.9659,2,1,Leaning on Desk
d9b548e05a77,d9b548e05a77_Leaning_on_Desk_1779807771,1779807802.031,203,0.5012,0.4997,0.1182,0.0095,0.5551,-52.2939,-166.9787,1,0.3304,0.0473,-0.5012,0.1277,-0.4539,52.2939,166.9787,1,0.9965,0.9771,0.9923,0.9535,0.9541,2,1,Leaning on Desk
d9b548e05a77,d9b548e05a77_Leaning_on_Desk_1779807771,1779807802.295,204,0.4965,0.4779,0.1182,0.0284,0.5458,-51.5415,-166.9356,1,0.3304,0.0473,-0.4965,0.1324,-0.4539,51.5415,166.9356,1,0.9945,0.9706,0.987,0.9536,0.948,2,1,Leaning on Desk
d9b548e05a77,d9b548e05a77_Leaning_on_Desk_1779807771,1779807802.561,205,0.5,0.4682,0.1368,0.0283,0.5282,-50.9371,-167.3557,1,0.3312,0.0519,-0.5,0.1321,-0.4576,50.9371,167.3557,1,0.9928,0.9658,0.9808,0.9544,0.9344,2,1,Leaning on Desk
d9b548e05a77,d9b548e05a77_Leaning_on_Desk_1779807771,1779807802.857,206,0.5194,0.5386,0.085,0.0236,0.5184,-36.9536,171.0796,1,0.3309,-0.0142,-0.5194,-0.0756,-0.4439,36.9536,171.0796,1,0.9951,0.9701,0.9883,0.9394,0.8737,2,1,Leaning on Desk
d9b548e05a77,d9b548e05a77_Leaning_on_Desk_1779807771,1779807803.132,207,0.5235,0.6036,0.0691,0.0148,0.4938,-32.9609,172.5406,1,0.3164,-0.0099,-0.5235,-0.0642,-0.4346,32.9609,172.5406,1,0.9973,0.9827,0.9936,0.9569,0.5151,2,1,Leaning on Desk
d9b548e05a77,d9b548e05a77_Leaning_on_Desk_1779807771,1779807803.41,208,0.5217,0.6007,0.0658,0.0152,0.4995,-37.222,176.6572,1,0.3085,0.0253,-0.5217,-0.0253,-0.4508,37.222,176.6572,1,0.9985,0.9894,0.9965,0.9674,0.3173,2,1,Leaning on Desk
d9b548e05a77,d9b548e05a77_Leaning_on_Desk_1779807771,1779807803.705,209,0.5416,0.5916,0.0652,0.0351,0.5017,-54.28,179.416,1,0.3116,0.0201,-0.5416,-0.0201,-0.4914,54.28,179.416,1,0.9992,0.9914,0.9982,0.9753,0.2019,2,1,Leaning on Desk
d9b548e05a77,d9b548e05a77_Leaning_on_Desk_1779807771,1779807803.981,210,0.5466,0.5915,0.0497,0.0348,0.4969,-50.7193,176.7805,1,0.3145,0.0099,-0.5466,-0.0298,-0.4969,50.7193,176.7805,1,0.9995,0.9913,0.9989,0.9772,0.1563,1,1,Leaning on Desk
d9b548e05a77,d9b548e05a77_Leaning_on_Desk_1779807771,1779807804.255,211,0.5417,0.5898,0.0447,0.0298,0.497,-49.4966,177.2335,1,0.3144,0.0099,-0.5417,-0.0348,-0.492,49.4966,177.2335,1,0.9997,0.9907,0.9993,0.9791,0.1264,1,1,Leaning on Desk
d9b548e05a77,d9b548e05a77_Leaning_on_Desk_1779807771,1779807804.534,212,0.5544,0.5654,0.045,0.025,0.5164,-48.9811,175.9618,1,0.3128,0.02,-0.5544,-0.015,-0.5045,48.9811,175.9618,1,0.9998,0.9921,0.9996,0.9827,0.1186,1,1,Leaning on Desk
d9b548e05a77,d9b548e05a77_Leaning_on_Desk_1779807771,1779807804.807,213,0.5693,0.5502,0.0499,0.0599,0.5315,-48.8759,163.8695,1,0.3129,0.03,-0.5693,-0.0549,-0.5243,48.8759,163.8695,1,0.9999,0.9927,0.9997,0.9852,0.203,2,1,Leaning on Desk
d9b548e05a77,d9b548e05a77_Leaning_on_Desk_1779807771,1779807805.085,214,0.5424,0.5173,0.0665,0.0512,0.3703,-56.5677,166.2254,1,0.3054,-0.2354,-0.5424,-0.3377,-0.4605,56.5677,166.2254,1,0.9998,0.9929,0.9997,0.9819,0.2222,2,1,Leaning on Desk
d9b548e05a77,d9b548e05a77_Leaning_on_Desk_1779807771,1779807805.363,215,0.5494,0.4536,0.0873,0.0873,0.4116,-57.3541,161.2185,1,0.3043,-0.2722,-0.5494,-0.3594,-0.457,57.3541,161.2185,1,0.9998,0.9941,0.9997,0.9814,0.2144,2,1,Leaning on Desk
d9b548e05a77,d9b548e05a77_Leaning_on_Desk_1779807771,1779807805.648,216,0.5488,0.3866,0.1087,0.0932,0.436,-56.082,160.0261,1,0.3018,-0.2485,-0.5488,-0.3365,-0.4608,56.082,160.0261,1,0.9999,0.9962,0.9998,0.9807,0.206,2,1,Leaning on Desk
d9b548e05a77,d9b548e05a77_Leaning_on_Desk_1779807771,1779807805.925,217,0.5482,0.4073,0.1189,0.0931,0.4462,-55.1858,160.5676,1,0.3021,-0.2431,-0.5482,-0.3258,-0.4654,55.1858,160.5676,1,0.9999,0.9977,0.9999,0.9789,0.2048,2,1,Leaning on Desk
d9b548e05a77,d9b548e05a77_Looking_Away_1779807817,1779807820.142,218,0.6679,0.2921,0.0442,0.0055,5.0,-40.9788,-123.4087,0,0.2831,0.0883,-0.6679,0.2981,-0.6292,40.9788,123.4087,1,0.9987,0.9945,0.996,0.0639,0.0876,0,0,Looking Away
d9b548e05a77,d9b548e05a77_Looking_Away_1779807817,1779807820.4,219,0.6642,0.3015,0.0439,0.0055,5.0,-41.8427,-123.8609,0,0.2846,0.0878,-0.6642,0.3019,-0.6258,41.8427,123.8609,1,0.9987,0.9947,0.9962,0.0664,0.0879,0,0,Looking Away
d9b548e05a77,d9b548e05a77_Looking_Away_1779807817,1779807820.688,220,0.6679,0.2643,0.0442,0.0,5.0,-41.5239,-123.617,0,0.2831,0.0883,-0.6679,0.3091,-0.6292,41.5239,123.617,1,0.9987,0.9944,0.9964,0.0615,0.0917,0,0,Looking Away
d9b548e05a77,d9b548e05a77_Looking_Away_1779807817,1779807820.941,221,0.6679,0.2409,0.0442,0.0055,5.0,0.0,0.0,0,0.2831,0.1159,-0.6679,0.3201,-0.6237,0.0,0.0,0,0.9987,0.9948,0.9964,0.0596,0.0894,0,0,Looking Away
d9b548e05a77,d9b548e05a77_Looking_Away_1779807817,1779807821.229,222,0.6582,0.2881,0.0558,0.0167,5.0,-34.984,-123.2413,0,0.2801,0.1506,-0.6582,0.3626,-0.6024,34.984,123.2413,1,0.9987,0.9953,0.9966,0.0667,0.0904,0,0,Looking Away
d9b548e05a77,d9b548e05a77_Looking_Away_1779807817,1779807821.492,223,0.6486,0.2689,0.0665,0.0222,5.0,-32.6155,-122.5495,0,0.2819,0.1718,-0.6486,0.388,-0.582,32.6155,122.5495,1,0.9989,0.9959,0.9972,0.0682,0.0877,0,0,Looking Away
d9b548e05a77,d9b548e05a77_Looking_Away_1779807817,1779807821.764,224,0.6522,0.2492,0.0669,0.0279,5.0,-30.6043,-120.6063,0,0.2803,0.1839,-0.6522,0.3958,-0.5853,30.6043,120.6063,1,0.999,0.9963,0.9977,0.0746,0.0846,0,0,Looking Away
d9b548e05a77,d9b548e05a77_Looking_Away_1779807817,1779807822.02,225,0.65,0.2565,0.0728,0.028,5.0,-31.3616,-121.5888,0,0.2789,0.1793,-0.65,0.3922,-0.5827,31.3616,121.5888,1,0.9991,0.9965,0.9979,0.0727,0.0835,0,0,Looking Away
d9b548e05a77,d9b548e05a77_Looking_Away_1779807817,1779807822.309,226,0.6683,0.2936,0.078,0.0167,5.0,0.0,0.0,0,0.2805,0.1615,-0.6683,0.3843,-0.6127,0.0,0.0,0,0.9989,0.9961,0.9976,0.0673,0.0809,0,0,Looking Away
d9b548e05a77,d9b548e05a77_Looking_Away_1779807817,1779807822.573,227,0.6865,0.212,0.083,0.0,5.0,0.0,0.0,0,0.2822,0.1273,-0.6865,0.3709,-0.6644,0.0,0.0,0,0.9989,0.9956,0.9975,0.0602,0.0649,0,0,Looking Away
d9b548e05a77,d9b548e05a77_Looking_Away_1779807817,1779807822.853,228,0.6882,0.2223,0.0826,0.0,5.0,-46.1916,-121.3263,0,0.2838,0.1156,-0.6882,0.3579,-0.6662,46.1916,121.3263,1,0.9989,0.9956,0.9974,0.0578,0.0575,0,0,Looking Away
d9b548e05a77,d9b548e05a77_Looking_Away_1779807817,1779807823.114,229,0.6827,0.204,0.0826,0.0,5.0,-46.9838,-123.0706,0,0.2838,0.1156,-0.6827,0.3579,-0.6607,46.9838,123.0706,1,0.999,0.9959,0.9976,0.06,0.0567,0,0,Looking Away
d9b548e05a77,d9b548e05a77_Looking_Away_1779807817,1779807823.365,230,0.6793,0.2076,0.0767,0.0,5.0,-48.0915,-122.6038,0,0.2852,0.1096,-0.6793,0.3506,-0.6629,48.0915,122.6038,1,0.999,0.9963,0.9978,0.0606,0.0567,0,0,Looking Away
d9b548e05a77,d9b548e05a77_Looking_Away_1779807817,1779807823.64,231,0.6808,0.2294,0.0817,0.0054,5.0,-48.9239,-120.6568,0,0.2869,0.1035,-0.6808,0.3322,-0.6753,48.9239,120.6568,1,0.9991,0.9967,0.9979,0.0644,0.0579,0,0,Looking Away
d9b548e05a77,d9b548e05a77_Looking_Away_1779807817,1779807823.921,232,0.6808,0.2166,0.0817,0.0,5.0,-49.473,-123.3598,0,0.2869,0.1035,-0.6808,0.3268,-0.6808,49.473,123.3598,1,0.9992,0.997,0.9982,0.0601,0.0512,0,0,Looking Away
d9b548e05a77,d9b548e05a77_Looking_Away_1779807817,1779807824.196,233,0.6961,0.1835,0.0978,0.0115,5.0,0.0,0.0,0,0.2716,0.1956,-0.6961,0.4832,-0.6673,0.0,0.0,0,0.9991,0.9969,0.9979,0.0746,0.0527,0,0,Looking Away
d9b548e05a77,d9b548e05a77_Looking_Away_1779807817,1779807824.463,234,0.6764,0.1403,0.1851,0.0191,5.0,0.0,0.0,0,0.2449,0.2872,-0.6764,0.6062,-0.5807,0.0,0.0,0,0.9992,0.9977,0.9981,0.1403,0.0436,0,0,Looking Away
d9b548e05a77,d9b548e05a77_Looking_Away_1779807817,1779807824.744,235,0.6484,0.1752,0.2183,0.0257,2.5509,0.0,0.0,0,0.2434,0.321,-0.6484,0.6292,-0.5457,0.0,0.0,0,0.9992,0.9968,0.9981,0.2162,0.0532,1,1,Looking Away
d9b548e05a77,d9b548e05a77_Looking_Away_1779807817,1779807825.024,236,0.6557,0.1669,0.2272,0.0195,2.6513,0.0,0.0,0,0.2407,0.3246,-0.6557,0.6492,-0.5518,0.0,0.0,0,0.9994,0.997,0.9986,0.2409,0.0646,1,1,Looking Away
d9b548e05a77,d9b548e05a77_Looking_Away_1779807817,1779807825.293,237,0.6451,0.1534,0.2258,0.0258,2.6095,0.0,0.0,0,0.2422,0.3226,-0.6451,0.6451,-0.5484,0.0,0.0,0,0.9994,0.9974,0.9986,0.2291,0.0548,1,1,Looking Away
d9b548e05a77,d9b548e05a77_Looking_Away_1779807817,1779807825.579,238,0.6622,0.1519,0.2122,0.0193,5.0,0.0,0.0,0,0.243,0.3086,-0.6622,0.6365,-0.5722,0.0,0.0,0,0.9994,0.9975,0.9985,0.1954,0.0396,0,0,Looking Away
d9b548e05a77,d9b548e05a77_Looking_Away_1779807817,1779807825.848,239,0.6999,0.229,0.1448,0.006,5.0,0.0,0.0,0,0.259,0.1629,-0.6999,0.4103,-0.6697,0.0,0.0,0,0.9993,0.9975,0.9981,0.136,0.0352,0,0,Looking Away
d9b548e05a77,d9b548e05a77_Looking_Away_1779807817,1779807826.125,240,0.7153,0.1968,0.1047,0.0058,5.0,0.0,0.0,0,0.2687,0.1221,-0.7153,0.3548,-0.7095,0.0,0.0,0,0.9994,0.9974,0.9985,0.0905,0.0307,0,0,Looking Away
d9b548e05a77,d9b548e05a77_Looking_Away_1779807817,1779807826.404,241,0.6996,0.2073,0.0967,0.0057,5.0,-53.0481,-123.3405,0,0.2747,0.1138,-0.6996,0.3299,-0.7053,53.0481,123.3405,1,0.9995,0.9977,0.9987,0.0709,0.0309,0,0,Looking Away
d9b548e05a77,d9b548e05a77_Looking_Away_1779807817,1779807826.699,242,0.6907,0.2205,0.0849,0.0057,5.0,-53.6411,-124.5246,0,0.276,0.1019,-0.6907,0.317,-0.702,53.6411,124.5246,1,0.9996,0.9976,0.9988,0.0606,0.033,0,0,Looking Away
d9b548e05a77,d9b548e05a77_Looking_Away_1779807817,1779807826.967,243,0.691,0.2206,0.0793,0.0057,5.0,-54.0194,-123.746,0,0.2759,0.102,-0.691,0.3228,-0.7023,54.0194,123.746,1,0.9996,0.9974,0.9988,0.0541,0.0336,0,0,Looking Away
d9b548e05a77,d9b548e05a77_Looking_Away_1779807817,1779807827.241,244,0.691,0.2031,0.0793,0.0113,5.0,0.0,0.0,0,0.2759,0.102,-0.691,0.3172,-0.725,0.0,0.0,0,0.9995,0.9968,0.9986,0.0485,0.0308,0,0,Looking Away
d9b548e05a77,d9b548e05a77_Looking_Away_1779807817,1779807827.518,245,0.691,0.2067,0.0793,0.017,5.0,0.0,0.0,0,0.2759,0.085,-0.691,0.2945,-0.742,0.0,0.0,0,0.9996,0.9968,0.9988,0.043,0.0289,0,0,Looking Away
d9b548e05a77,d9b548e05a77_Looking_Away_1779807817,1779807827.812,246,0.6853,0.2021,0.0793,0.017,5.0,0.0,0.0,0,0.2759,0.0793,-0.6853,0.2945,-0.7306,0.0,0.0,0,0.9996,0.997,0.9989,0.0419,0.0278,0,0,Looking Away
d9b548e05a77,d9b548e05a77_Looking_Away_1779807817,1779807828.093,247,0.6797,0.2099,0.0793,0.0227,5.0,0.0,0.0,0,0.2759,0.0793,-0.6797,0.2945,-0.7193,0.0,0.0,0,0.9996,0.997,0.9989,0.0413,0.0283,0,0,Looking Away
d9b548e05a77,d9b548e05a77_Looking_Away_1779807817,1779807828.357,248,0.6794,0.2262,0.0849,0.0226,5.0,0.0,0.0,0,0.276,0.0793,-0.6794,0.2944,-0.7303,0.0,0.0,0,0.9997,0.9972,0.999,0.0406,0.0275,0,0,Looking Away
d9b548e05a77,d9b548e05a77_Looking_Away_1779807817,1779807828.649,249,0.691,0.3508,0.0793,0.0113,5.0,0.0,0.0,0,0.2759,0.0793,-0.691,0.2322,-0.776,0.0,0.0,0,0.9997,0.9979,0.9992,0.0432,0.0309,0,0,Looking Away
d9b548e05a77,d9b548e05a77_Looking_Away_1779807817,1779807828.903,250,0.685,0.3653,0.0849,0.0113,5.0,-85.7954,-138.5311,0,0.276,0.0849,-0.685,0.2208,-0.7699,85.7954,138.5311,1,0.9998,0.9983,0.9992,0.049,0.0349,0,0,Looking Away
d9b548e05a77,d9b548e05a77_Looking_Away_1779807817,1779807829.193,251,0.6903,0.3616,0.0905,0.0113,5.0,-83.0483,-148.6044,0,0.2761,0.0849,-0.6903,0.2207,-0.7752,83.0483,148.6044,1,0.9998,0.9987,0.9993,0.0561,0.0409,0,0,Looking Away
d9b548e05a77,d9b548e05a77_Looking_Away_1779807817,1779807829.452,252,0.6999,0.3192,0.091,0.0057,5.0,-83.9463,-149.0866,0,0.2746,0.0854,-0.6999,0.2219,-0.7739,83.9463,149.0866,1,0.9998,0.9989,0.9994,0.0553,0.0439,0,0,Looking Away
d9b548e05a77,d9b548e05a77_Looking_Away_1779807817,1779807829.708,253,0.6986,0.333,0.0859,0.0057,5.0,-84.7278,-150.4801,0,0.2729,0.0859,-0.6986,0.2233,-0.7787,84.7278,150.4801,1,0.9998,0.999,0.9995,0.0542,0.0427,0,0,Looking Away
d9b548e05a77,d9b548e05a77_Looking_Away_1779807817,1779807829.96,254,0.6946,0.3168,0.0854,0.0057,5.0,-84.7966,-151.3152,0,0.2744,0.0854,-0.6946,0.2277,-0.7743,84.7966,151.3152,1,0.9999,0.999,0.9995,0.0558,0.0412,0,0,Looking Away
d9b548e05a77,d9b548e05a77_Looking_Away_1779807817,1779807830.24,255,0.6946,0.3585,0.0854,0.0057,5.0,-83.9043,-154.8672,0,0.2744,0.0854,-0.6946,0.222,-0.7572,83.9043,154.8672,1,0.9999,0.9991,0.9995,0.0553,0.0387,0,0,Looking Away
d9b548e05a77,d9b548e05a77_Looking_Away_1779807817,1779807830.503,256,0.6814,0.4661,0.0859,0.0057,5.0,0.0,0.0,0,0.2729,0.0744,-0.6814,0.1661,-0.7157,0.0,0.0,0,0.9998,0.9989,0.9993,0.0589,0.0434,0,0,Looking Away
d9b548e05a77,d9b548e05a77_Looking_Away_1779807817,1779807830.779,257,0.6889,0.4778,0.0854,0.0114,5.0,0.0,0.0,0,0.2744,0.0569,-0.6889,0.0399,-0.7629,0.0,0.0,0,0.9998,0.9989,0.9994,0.0571,0.0548,0,0,Looking Away
d9b548e05a77,d9b548e05a77_Looking_Away_1779807817,1779807831.054,258,0.6832,0.4716,0.0854,0.0228,5.0,0.0,0.0,0,0.2744,0.0512,-0.6832,0.0455,-0.7686,0.0,0.0,0,0.9997,0.9984,0.9991,0.0619,0.0859,0,0,Looking Away
d9b548e05a77,d9b548e05a77_Looking_Away_1779807817,1779807831.319,259,0.6946,0.439,0.0854,0.0171,5.0,0.0,0.0,0,0.2744,0.0455,-0.6946,0.0171,-0.78,0.0,0.0,0,0.9996,0.9983,0.999,0.0622,0.0789,0,0,Looking Away
d9b548e05a77,d9b548e05a77_Looking_Away_1779807817,1779807831.587,260,0.6946,0.4441,0.0854,0.0228,5.0,0.0,0.0,0,0.2744,0.0455,-0.6946,0.0114,-0.78,0.0,0.0,0,0.9997,0.9983,0.9992,0.0631,0.0721,0,0,Looking Away
d9b548e05a77,d9b548e05a77_Looking_Away_1779807817,1779807831.858,261,0.6907,0.4771,0.0849,0.0226,5.0,0.0,0.0,0,0.276,0.0453,-0.6907,0.0,-0.7756,0.0,0.0,0,0.9996,0.9979,0.9991,0.0734,0.085,0,0,Looking Away
d9b548e05a77,d9b548e05a77_Looking_Away_1779807817,1779807832.115,262,0.6895,0.4817,0.0741,0.0285,5.0,0.0,0.0,0,0.2742,0.0399,-0.6895,-0.0285,-0.7579,0.0,0.0,0,0.9995,0.9977,0.999,0.0802,0.1035,0,0,Looking Away
d9b548e05a77,d9b548e05a77_Looking_Away_1779807817,1779807832.388,263,0.6958,0.4358,0.0627,0.0228,5.0,0.0,0.0,0,0.274,0.0114,-0.6958,-0.1483,-0.7414,0.0,0.0,0,0.9994,0.9974,0.9989,0.0908,0.1046,0,0,Looking Away
d9b548e05a77,d9b548e05a77_Looking_Away_1779807817,1779807832.653,264,0.6977,0.4273,0.0567,0.0113,5.0,-53.3871,131.2393,0,0.2754,-0.0397,-0.6977,-0.2326,-0.7318,53.3871,131.2393,1,0.9993,0.9973,0.9989,0.1143,0.1392,0,0,Looking Away
d9b548e05a77,d9b548e05a77_Looking_Away_1779807817,1779807832.924,265,0.7091,0.3838,0.0567,0.0113,5.0,0.0,0.0,0,0.2754,-0.0454,-0.7091,-0.2496,-0.7374,0.0,0.0,0,0.9993,0.9972,0.9988,0.1186,0.1288,0,0,Looking Away
d9b548e05a77,d9b548e05a77_Looking_Away_1779807817,1779807833.192,266,0.7107,0.4206,0.0564,0.0056,5.0,-71.2615,142.4667,0,0.277,-0.0451,-0.7107,-0.2426,-0.7333,71.2615,142.4667,1,0.9992,0.9973,0.9988,0.1229,0.1517,0,0,Looking Away
d9b548e05a77,d9b548e05a77_Looking_Away_1779807817,1779807833.457,267,0.7053,0.4405,0.0508,0.0056,1.4959,-64.4872,141.0472,0,0.2769,-0.0451,-0.7053,-0.2483,-0.7279,64.4872,141.0472,1,0.9993,0.9971,0.9989,0.1521,0.2626,1,1,Looking Away
d9b548e05a77,d9b548e05a77_Looking_Away_1779807817,1779807833.71,268,0.7053,0.4391,0.0508,0.0056,1.4917,-57.7583,122.4974,0,0.2769,-0.0451,-0.7053,-0.2483,-0.7279,57.7583,122.4974,1,0.9992,0.9969,0.9988,0.1547,0.2738,1,1,Looking Away
d9b548e05a77,d9b548e05a77_Looking_Away_1779807817,1779807833.99,269,0.6944,0.3693,0.0395,0.0,1.4953,0.0,0.0,0,0.2768,-0.0903,-0.6944,-0.3105,-0.6605,0.0,0.0,0,0.9992,0.9967,0.9988,0.1739,0.307,1,1,Looking Away
d9b548e05a77,d9b548e05a77_Looking_Away_1779807817,1779807834.287,270,0.6761,0.2377,0.0231,0.0173,2.2005,-33.8462,118.6103,0,0.2704,-0.1907,-0.6761,-0.4276,-0.601,33.8462,118.6103,1,0.9988,0.9973,0.9982,0.1914,0.2591,1,1,Looking Away
d9b548e05a77,d9b548e05a77_Looking_Away_1779807817,1779807834.581,271,0.6609,0.2218,0.0115,0.0172,5.0,-26.3543,116.263,0,0.2719,-0.2184,-0.6609,-0.4425,-0.5804,26.3543,116.263,1,0.9985,0.9977,0.9978,0.1819,0.1954,0,0,Looking Away
d9b548e05a77,d9b548e05a77_Looking_Away_1779807817,1779807834.871,272,0.6416,0.2228,0.0116,0.0231,5.0,0.0,0.0,0,0.2703,-0.2254,-0.6416,-0.4566,-0.5318,0.0,0.0,0,0.998,0.9976,0.997,0.1718,0.1658,0,0,Looking Away
d9b548e05a77,d9b548e05a77_Looking_Away_1779807817,1779807835.123,273,0.5882,0.2402,0.0059,0.0588,5.0,0.0,0.0,0,0.2656,-0.2941,-0.5882,-0.4941,-0.4118,0.0,0.0,0,0.9964,0.9972,0.9945,0.1737,0.1799,0,0,Looking Away
d9b548e05a77,d9b548e05a77_Looking_Away_1779807817,1779807835.398,274,0.5214,0.1891,0.0123,0.0982,1.927,0.0,0.0,0,0.2547,-0.3742,-0.5214,-0.5644,-0.3067,0.0,0.0,0,0.9934,0.9965,0.9882,0.1723,0.2295,1,1,Looking Away
d9b548e05a77,d9b548e05a77_Looking_Away_1779807817,1779807835.675,275,0.4937,0.1956,0.0185,0.1049,1.8235,0.0,0.0,0,0.2532,-0.3888,-0.4937,-0.5801,-0.2839,0.0,0.0,0,0.9937,0.9967,0.9888,0.1762,0.289,1,1,Looking Away
d9b548e05a77,d9b548e05a77_Looking_Away_1779807817,1779807835.947,276,0.4906,0.1833,0.0186,0.0994,1.8422,0.0,0.0,0,0.2516,-0.3974,-0.4906,-0.59,-0.2795,0.0,0.0,0,0.9945,0.9971,0.9905,0.1777,0.3252,1,1,Looking Away
d9b548e05a77,d9b548e05a77_Looking_Away_1779807817,1779807836.221,277,0.4719,0.167,0.0248,0.1118,2.0776,0.0,0.0,0,0.2516,-0.3974,-0.4719,-0.5899,-0.2732,0.0,0.0,0,0.9944,0.9972,0.9901,0.1666,0.296,1,1,Looking Away
d9b548e05a77,d9b548e05a77_Looking_Away_1779807817,1779807836.492,278,0.4657,0.1503,0.0248,0.1118,2.2984,0.0,0.0,0,0.2516,-0.3912,-0.4657,-0.5837,-0.2608,0.0,0.0,0,0.9947,0.9974,0.9903,0.1552,0.2691,1,1,Looking Away
d9b548e05a77,d9b548e05a77_Looking_Away_1779807817,1779807836.771,279,0.3681,0.1685,0.0061,0.0859,2.0833,0.0,0.0,0,0.2547,-0.3251,-0.3681,-0.4724,-0.1411,0.0,0.0,0,0.9925,0.9975,0.9854,0.1534,0.2397,1,1,Looking Away
d9b548e05a77,d9b548e05a77_Looking_Away_1779807817,1779807837.047,280,0.3148,0.2713,0.0484,0.0908,1.9791,0.0,0.0,0,0.2581,-0.2179,-0.3148,-0.3087,-0.1029,0.0,0.0,0,0.991,0.9978,0.9822,0.1531,0.2175,1,1,Looking Away
d9b548e05a77,d9b548e05a77_Looking_Away_1779807817,1779807837.314,281,0.3145,0.3773,0.0665,0.1088,5.0,0.0,0.0,0,0.2584,-0.1814,-0.3145,-0.26,-0.0968,0.0,0.0,0,0.9904,0.9979,0.9805,0.1401,0.1772,0,0,Looking Away
d9b548e05a77,d9b548e05a77_Looking_Away_1779807817,1779807837.573,282,0.3123,0.3501,0.0781,0.1141,5.0,0.0,0.0,0,0.2602,-0.1682,-0.3123,-0.2222,-0.0901,0.0,0.0,0,0.991,0.9981,0.9808,0.1253,0.152,0,0,Looking Away
d9b548e05a77,d9b548e05a77_Looking_Away_1779807817,1779807837.826,283,0.337,0.5804,0.0481,0.0421,5.0,0.0,0.0,0,0.2597,-0.0662,-0.337,-0.1143,-0.0963,0.0,0.0,0,0.9931,0.9983,0.9849,0.1232,0.1578,0,0,Looking Away
d9b548e05a77,d9b548e05a77_Looking_Away_1779807817,1779807838.114,284,0.3546,0.6007,0.0473,0.0177,5.0,0.0,0.0,0,0.2644,0.1419,-0.3546,0.2069,-0.1537,0.0,0.0,0,0.9956,0.9984,0.9902,0.1054,0.1636,0,0,Looking Away
d9b548e05a77,d9b548e05a77_Looking_Away_1779807817,1779807838.395,285,0.3479,0.4963,0.0826,0.0413,5.0,0.0,0.0,0,0.265,0.1887,-0.3479,0.2654,-0.1238,0.0,0.0,0,0.9952,0.9983,0.9893,0.0813,0.1159,0,0,Looking Away
d9b548e05a77,d9b548e05a77_Looking_Away_1779807817,1779807838.681,286,0.3397,0.4839,0.0937,0.0469,5.0,0.0,0.0,0,0.2668,0.1816,-0.3397,0.2577,-0.1113,0.0,0.0,0,0.9952,0.9984,0.9892,0.0745,0.0959,0,0,Looking Away
d9b548e05a77,d9b548e05a77_Looking_Away_1779807817,1779807838.936,287,0.3354,0.5992,0.1059,0.053,5.0,0.0,0.0,0,0.2656,0.1471,-0.3354,0.1589,-0.0941,0.0,0.0,0,0.9956,0.9984,0.9898,0.0819,0.1038,0,0,Looking Away
d9b548e05a77,d9b548e05a77_Looking_Away_1779807817,1779807839.22,288,0.5239,0.1703,0.0555,0.0308,5.0,0.0,0.0,0,0.2535,-0.265,-0.5239,-0.4746,-0.3451,0.0,0.0,0,0.9961,0.9985,0.9914,0.1242,0.1339,0,0,Looking Away
d9b548e05a77,d9b548e05a77_Looking_Away_1779807817,1779807839.499,289,0.5827,0.1509,0.0132,0.053,5.0,0.0,0.0,0,0.236,-0.3973,-0.5827,-0.6291,-0.4039,0.0,0.0,0,0.995,0.9976,0.9904,0.1306,0.1837,0,0,Looking Away
d9b548e05a77,d9b548e05a77_Looking_Away_1779807817,1779807839.783,290,0.6037,0.1387,0.0335,0.0537,2.5725,0.0,0.0,0,0.2329,-0.4159,-0.6037,-0.6708,-0.4427,0.0,0.0,0,0.996,0.9975,0.9926,0.1363,0.2106,1,1,Looking Away
d9b548e05a77,d9b548e05a77_Looking_Away_1779807817,1779807840.034,291,0.6145,0.124,0.0338,0.0608,2.5489,0.0,0.0,0,0.2314,-0.4119,-0.6145,-0.6753,-0.4524,0.0,0.0,0,0.9954,0.9969,0.9918,0.1461,0.2086,1,1,Looking Away
d9b548e05a77,d9b548e05a77_Looking_Away_1779807817,1779807840.311,292,0.6455,0.116,0.0476,0.0476,2.6224,0.0,0.0,0,0.2299,-0.4145,-0.6455,-0.6863,-0.5164,0.0,0.0,0,0.9954,0.9968,0.9923,0.1518,0.2017,1,1,Looking Away
d9b548e05a77,d9b548e05a77_Looking_Away_1779807817,1779807840.569,293,0.7127,0.1034,0.1552,0.0282,2.1588,0.0,0.0,0,0.2214,-0.3458,-0.7127,-0.6492,-0.628,0.0,0.0,0,0.9971,0.9974,0.9952,0.2156,0.2567,2,1,Looking Away
d9b548e05a77,d9b548e05a77_Looking_Away_1779807817,1779807840.82,294,0.7868,0.0997,0.181,0.0157,2.488,0.0,0.0,0,0.1986,-0.2832,-0.7868,-0.5822,-0.716,0.0,0.0,0,0.9981,0.9978,0.997,0.2821,0.3446,2,1,Looking Away
d9b548e05a77,d9b548e05a77_Looking_Away_1779807817,1779807841.076,295,0.8388,0.1167,0.1993,0.0,2.7375,0.0,0.0,0,0.1881,-0.2824,-0.8388,-0.5896,-0.7806,0.0,0.0,0,0.9983,0.9976,0.9975,0.3091,0.3919,2,1,Looking Away
d9b548e05a77,d9b548e05a77_Looking_Away_1779807817,1779807841.342,296,0.8714,0.1229,0.2179,0.0087,2.9267,0.0,0.0,0,0.1793,-0.2789,-0.8714,-0.5926,-0.8191,0.0,0.0,0,0.9975,0.9966,0.9967,0.3249,0.4085,2,1,Looking Away
d9b548e05a77,d9b548e05a77_Looking_Away_1779807817,1779807841.617,297,0.8701,0.1298,0.2197,0.0176,2.9401,0.0,0.0,0,0.1778,-0.2637,-0.8701,-0.5625,-0.8174,0.0,0.0,0,0.9969,0.9959,0.9961,0.3455,0.4151,2,1,Looking Away
d9b548e05a77,d9b548e05a77_Looking_Away_1779807817,1779807841.913,298,0.8697,0.131,0.2261,0.0174,2.894,0.0,0.0,0,0.1797,-0.2609,-0.8697,-0.5653,-0.8262,0.0,0.0,0,0.9966,0.9956,0.9959,0.3586,0.4082,2,1,Looking Away
d9b548e05a77,d9b548e05a77_Looking_Away_1779807817,1779807842.193,299,0.8922,0.1332,0.2425,0.026,3.0258,0.0,0.0,0,0.1804,-0.1906,-0.8922,-0.5111,-0.9095,0.0,0.0,0,0.9978,0.9964,0.9973,0.3245,0.3884,2,1,Looking Away
d9b548e05a77,d9b548e05a77_Looking_Away_1779807817,1779807842.447,300,0.9094,0.1573,0.2384,0.0265,3.0919,0.0,0.0,0,0.177,-0.1589,-0.9094,-0.4768,-0.9359,0.0,0.0,0,0.9982,0.996,0.9976,0.2787,0.3588,2,1,Looking Away
d9b548e05a77,d9b548e05a77_Looking_Away_1779807817,1779807842.704,301,0.8859,0.1595,0.2385,0.0256,3.0066,0.0,0.0,0,0.1834,-0.1278,-0.8859,-0.443,-0.92,0.0,0.0,0,0.9986,0.9964,0.9981,0.2606,0.3469,2,1,Looking Away
d9b548e05a77,d9b548e05a77_Looking_Away_1779807817,1779807842.983,302,0.7557,0.2855,0.1704,0.0222,2.6167,0.0,0.0,0,0.2109,-0.037,-0.7557,-0.0889,-0.8742,0.0,0.0,0,0.9976,0.9962,0.9952,0.265,0.2786,2,1,Looking Away
d9b548e05a77,d9b548e05a77_Looking_Away_1779807817,1779807843.233,303,0.6369,0.3342,0.0127,0.0127,1.8005,0.0,0.0,0,0.2453,-0.0064,-0.6369,-0.0064,-0.7834,0.0,0.0,0,0.996,0.9957,0.9912,0.25,0.2737,2,1,Looking Away
d9b548e05a77,d9b548e05a77_Looking_Away_1779807817,1779807843.503,304,0.6373,0.3017,0.049,0.0306,5.0,0.0,0.0,0,0.255,0.0306,-0.6373,0.0245,-0.7659,0.0,0.0,0,0.997,0.9959,0.9929,0.195,0.199,0,0,Looking Away
d9b548e05a77,d9b548e05a77_Looking_Away_1779807817,1779807843.787,305,0.6393,0.3281,0.0548,0.0365,5.0,0.0,0.0,0,0.2566,0.0365,-0.6393,0.0365,-0.7732,0.0,0.0,0,0.998,0.9964,0.9953,0.1808,0.187,0,0,Looking Away
d9b548e05a77,d9b548e05a77_Looking_Away_1779807817,1779807844.044,306,0.6515,0.267,0.0548,0.0304,5.0,0.0,0.0,0,0.2566,0.0426,-0.6515,0.0365,-0.7854,0.0,0.0,0,0.9985,0.9967,0.9964,0.172,0.1712,0,0,Looking Away
d9b548e05a77,d9b548e05a77_Looking_Away_1779807817,1779807844.316,307,0.6427,0.2342,0.0562,0.0437,1.5489,0.0,0.0,0,0.2504,0.0749,-0.6427,0.0936,-0.8112,0.0,0.0,0,0.9986,0.9964,0.9968,0.1804,0.2628,1,1,Looking Away
d9b548e05a77,d9b548e05a77_Looking_Away_1779807817,1779807844.585,308,0.6272,0.2128,0.0792,0.0594,5.0,0.0,0.0,0,0.2367,0.1122,-0.6272,0.1518,-0.8318,0.0,0.0,0,0.9944,0.9948,0.989,0.126,0.1756,0,0,Looking Away
d9b548e05a77,d9b548e05a77_Looking_Away_1779807817,1779807844.839,309,0.6302,0.2078,0.0656,0.046,5.0,0.0,0.0,0,0.238,0.0985,-0.6302,0.1182,-0.8469,0.0,0.0,0,0.9937,0.995,0.9873,0.0946,0.1254,0,0,Looking Away
d9b548e05a77,d9b548e05a77_Looking_Away_1779807817,1779807845.095,310,0.6196,0.2532,0.1097,0.0516,5.0,0.0,0.0,0,0.2421,0.1097,-0.6196,0.142,-0.8003,0.0,0.0,0,0.9949,0.9958,0.9894,0.0872,0.096,0,0,Looking Away
d9b548e05a77,d9b548e05a77_Looking_Away_1779807817,1779807845.347,311,0.6381,0.3638,0.1902,0.0675,5.0,0.0,0.0,0,0.2546,0.1595,-0.6381,0.2945,-0.724,0.0,0.0,0,0.9966,0.9966,0.9923,0.1571,0.0839,0,0,Looking Away
d9b548e05a77,d9b548e05a77_Looking_Away_1779807817,1779807845.623,312,0.6494,0.1559,0.1984,0.0481,5.0,0.0,0.0,0,0.2599,0.2525,-0.6494,0.5111,-0.6253,0.0,0.0,0,0.9968,0.9953,0.9918,0.1329,0.0551,0,0,Looking Away
d9b548e05a77,d9b548e05a77_Looking_Away_1779807817,1779807845.906,313,0.656,0.1957,0.2087,0.0596,5.0,0.0,0.0,0,0.262,0.2564,-0.656,0.489,-0.6381,0.0,0.0,0,0.9979,0.9958,0.9942,0.1323,0.0425,0,0,Looking Away
d9b548e05a77,d9b548e05a77_Looking_Away_1779807817,1779807846.163,314,0.6456,0.1531,0.1973,0.0478,5.0,0.0,0.0,0,0.2614,0.269,-0.6456,0.5559,-0.6396,0.0,0.0,0,0.9984,0.9965,0.9956,0.135,0.0386,0,0,Looking Away
d9b548e05a77,d9b548e05a77_Looking_Away_1779807817,1779807846.42,315,0.6539,0.1727,0.2482,0.0484,5.0,0.0,0.0,0,0.2581,0.2785,-0.6539,0.5691,-0.6357,0.0,0.0,0,0.9989,0.997,0.9969,0.1432,0.0377,0,0,Looking Away
d9b548e05a77,d9b548e05a77_Looking_Away_1779807817,1779807846.696,316,0.6645,0.1508,0.2584,0.0431,5.0,0.0,0.0,0,0.2539,0.2892,-0.6645,0.5968,-0.6153,0.0,0.0,0,0.9991,0.9971,0.9974,0.1413,0.0336,0,0,Looking Away
d9b548e05a77,d9b548e05a77_Looking_Away_1779807817,1779807846.956,317,0.6645,0.1579,0.2584,0.0431,5.0,0.0,0.0,0,0.2539,0.2892,-0.6645,0.5968,-0.603,0.0,0.0,0,0.9993,0.9974,0.9979,0.1519,0.0371,0,0,Looking Away
d9b548e05a77,d9b548e05a77_Looking_Away_1779807817,1779807847.227,318,0.6645,0.1607,0.2584,0.0431,5.0,0.0,0.0,0,0.2539,0.2892,-0.6645,0.5907,-0.6092,0.0,0.0,0,0.9995,0.9979,0.9985,0.1481,0.038,0,0,Looking Away
d9b548e05a77,d9b548e05a77_Looking_Away_1779807817,1779807847.504,319,0.6275,0.1201,0.2573,0.0314,5.0,0.0,0.0,0,0.249,0.3451,-0.6275,0.6526,-0.5145,0.0,0.0,0,0.9995,0.9978,0.9987,0.1441,0.0363,0,0,Looking Away
d9b548e05a77,d9b548e05a77_Looking_Away_1779807817,1779807847.801,320,0.5694,0.0953,0.2653,0.0324,5.0,0.0,0.0,0,0.2415,0.4077,-0.5694,0.7118,-0.4141,0.0,0.0,0,0.9995,0.9976,0.9987,0.1489,0.0309,0,0,Looking Away
d9b548e05a77,d9b548e05a77_Looking_Away_1779807817,1779807848.082,321,0.56,0.097,0.267,0.0391,5.0,0.0,0.0,0,0.24,0.4167,-0.56,0.7163,-0.4102,0.0,0.0,0,0.9996,0.9977,0.9989,0.1506,0.0278,0,0,Looking Away
